Name,,V,T,M,n,np,B,G,E,v,H,B',G',ρ,vL,vS,va,Θe,γel,γes,γe,A,κ,κref.,Formula,space group,k_BTE_DFT,k_BTE_DFT（1000 K）,k_AFLOW_AAPL,k_AFLOW_AGL,k_AFLOW_AGL (Poisson ratio σ=0.25),k_Mingo,k_EXP,k_EXP（1000 K）
561947_CsHgF3, Pm-3m ,4.67110688501284,300,390.484,5,5,56.4703,18.7382,50.616059174,0.3506115629,3.0551876969,-1.33785,-0.41747,6.3619811297,3.5781746164,1.7161994036,1.9297050696,122.993189911,1.0185649893,0.9686756394,0.9855860568,1.16E-06,2.7100274847,1,CsHgF3,Pm-3m,1,0.37,,,,,,
8397_CsSrF3, Pm-3m ,4.82758995425466,300,277.514,5,5,42.7814,21.7905,55.8835024168,0.2822905031,5.5096065039,-1.56315,-0.38071,4.095833754,4.1879172988,2.3065476845,2.5706641978,158.5349086715,1.4549682281,0.8161855419,1.0722639946,1.42E-06,4.4090003643,1.13,CsSrF3,Pm-3m,1.13,0.5,,,,,,
6951_RbCdF3, Pm-3m ,4.50287881635823,300,254.873,5,5,61.3,26.3467,69.1353271657,0.3120301056,5.0474934922,-3.07005,-0.59207,4.63555354,4.5609244737,2.3840332732,2.6670085341,176.3372561502,1.6604313188,0.8591921885,1.1879189925,1.82E-06,5.4148976026,1.46,RbCdF3,Pm-3m,1.46,0.68,,,,,,
8399_CsCdF3, Pm-3m ,4.55761314503164,300,302.305,5,5,58.6108,26.5881,69.2871932602,0.3029737601,5.4053318739,-2.5468,-0.73035,5.3025100622,4.2117775979,2.2392516407,2.5021387339,163.4495990286,1.6050191329,1.1335810851,1.3097198899,2.3E-06,5.3831269559,1.73,CsCdF3,Pm-3m,1.73,0.59,,,,,,
2804770_SrKBi,,8.0448007268603,300,1342.79,12,3,16.8902,2.34651,6.7279640255,0.4336107721,0.3271814082,-0.1132,-0.03327,4.2782256307,2.1631570211,0.7405925894,0.8421713601,49.4745409871,1.8822395159,3.5243522295,3.0759791325,1.79E-05,0.4322992921,1.96,42 BiKSr,F-43m,1.96,,,1.45,,2.05,,
962062_SnBaSr, F-43m ,5.01674386600013,300,343.657,3,3,20.305,8.27733,21.8613923082,0.3205582179,2.4100825412,-0.57219,-0.31464,4.519682815,2.6333312586,1.3532908833,1.5155950957,89.9437924545,1.8309011637,2.2330471541,2.1075418743,7.21E-06,2.2627989838,2.01,SnBaSr,F-43m,2.01,,,3.19,,1.57,,
10250_BaLiF3, Pm-3m ,4.04715036040692,300,201.331,5,5,76.0653,44.424,111.555040497,0.2555717686,9.8086827562,-3.83228,-2.26812,5.0432579266,5.1795135678,2.9679271752,3.297121536,242.5467998744,1.5130172871,1.5255906132,1.52141105,3.3E-06,11.045198831,2.21,BaLiF3,Pm-3m,2.21,0.73,,,,,,
3654_RbCaF3, Pm-3m ,4.5092812557602,300,182.54,5,5,55.2994,29.3769,74.8724465881,0.2743421972,6.8928300968,-1.56279,-0.70315,3.3058612479,5.3456611812,2.9809910467,3.3191007906,219.1407022757,1.0467240602,0.9306550981,0.970887752,1.12E-06,6.8759353677,2.46,RbCaF3,Pm-3m,2.46,1.15,,,,,3.2,
4045164_ZnRbF,,4.87335250049175,300,300.636,5,3,20.1411,3.92834,11.065604528,0.4084326367,0.6577935107,0.24386,-0.09859,4.3088260933,2.4269274852,0.9548277922,1.0821312866,78.3811522032,-0.4229810545,1.2857033675,1.0778032088,1.44E-06,0.4924922347,2.64,60 RbZnF3,Pm-3m,2.64,0.91,,,,,,
2705709_SbCaK,,7.82124386342347,300,803.704,12,3,23.9707,10.8993,28.3943352557,0.3025760946,3.2169040817,-0.26551,-0.04525,2.7865709658,3.7171731781,1.977717468,2.2097887982,133.5277517952,1.8577999919,0.8264893158,1.267226629,2.13E-06,3.468641167,2.7,19 SbCaK,F-43m,2.7,,,2.47,,2.55,,
7104_CsCaF3, Pm-3m ,4.57360434002404,300,229.972,5,5,56.8374,30.034,76.6082341346,0.2753584959,6.9393549549,-1.77558,-0.74561,3.9916066396,4.9266229238,2.7430436592,3.0545433826,198.8372000352,1.2008615867,1.0208626118,1.0841877905,1.46E-06,6.8595827958,3.03,CsCaF3,Pm-3m,3.03,0.98,,,,,,
978489_PbSiO3, Pm-3m ,3.73370709126526,300,283.285,5,5,205.263,122.865,307.284258198,0.2504954959,18.3051365989,-14.5455,-9.04103,9.0375641593,6.3905218528,3.6871295385,4.0936505943,326.4227802564,1.7089829257,1.7483848594,1.7353502887,4.52E-06,36.8372851061,3.69,PbSiO3,Pm-3m,3.69,1.66,,,,,,
5878_KZnF3, Pm-3m ,4.13439243295861,300,161.482,5,5,68.6875,37.9826,96.2132349205,0.266543561,8.3956476943,-3.40392,-1.45486,3.7943516398,5.6079972389,3.1639058881,3.5194380899,253.4379023984,1.4156620667,1.1867814412,1.2676749669,2.13E-06,9.5980426073,4.15,KZnF3,Pm-3m,4.15,1.33,,,,,5.5,
978493_SnSiO3, Pm-3m ,3.70381879889243,300,194.795,5,5,202.754,120.454,301.6302274741,0.2520556705,17.9356456064,-14.1908,-9.22377,6.3661542678,7.554914971,4.3498274943,4.8302975258,388.2702212593,1.6853763334,1.7787222523,1.7481608514,4.6E-06,42.412106967,4.22,SnSiO3,Pm-3m,4.22,1.66,,,,,,
8402_RbMgF3, Pm-3m ,4.12598996747772,300,166.767,5,5,68.8285,46.0127,112.8834427238,0.2266552791,11.7271228379,-3.52526,-2.1241,3.9425223271,5.7462298731,3.4162667837,3.7825587063,272.9401601611,1.5484490898,1.4545898995,1.4865349121,3.12E-06,13.1685827602,4.54,RbMgF3,Pm-3m,4.54,1.37,,,,,,
554465_RbFeF3, Pm-3m ,4.08645141079761,300,198.309,5,5,84.9289,45.3178,115.4235212727,0.273489901,8.9286713588,-2.05163,-2.77613,4.8256070522,5.4882700776,3.0644915766,3.4117181267,248.5631454758,1.1838215809,1.9234956007,1.7128051249,4.38E-06,12.3968054939,4.62,RbFeF3,Pm-3m,4.62,1.09,,,,,,
504715_BaTiO3, Pm-3m ,5.08559307097728,300,466.414,10,10,165.855,108.584,267.3976099606,0.2312937908,18.9110922287,-5.07541,-2.60161,5.888372908,7.2631766782,4.2942296387,4.7571472988,278.4934112525,1.6422513864,1.4090247948,1.4908265449,3.14E-06,24.1394393551,4.99,BaTiO3,Pm-3m,4.99,2.51,,,,,4~5,
2726938_YAsPd,,6.41927781138253,300,1080.99,12,3,85.4515,17.2779,48.5607780608,0.4052858872,1.6319790733,-1.14211,-0.3015,6.7789842053,4.0004600852,1.5964788412,1.8085539433,133.150221086,1.715778128,2.1412752707,2.009478718,6.43E-06,4.5655746449,5.48,49 PdAsY,F-43m,5.48,,,9.43,,4.31,,
3834_BaZrO3, Pm-3m ,4.25044977938759,300,276.551,5,5,158.713,94.6593,236.8839453938,0.2512449669,15.6487604042,-7.35421,-3.16463,5.9802468884,6.9024938194,3.9785249634,4.4175615968,309.4266085138,1.3929445558,1.1169469756,1.2159270302,1.93E-06,30.2465067029,5.61,BaZrO3,Pm-3m,5.61,2.13,,,,,5.2,2.9
556891_KFeF3, Pm-3m ,4.01783700871745,300,151.939,5,5,88.785,45.4345,116.4411205076,0.2814174307,8.5150001791,-5.56483,-2.14317,3.8899217718,6.1965936642,3.4176095357,3.8085408314,282.2124921008,1.6620035493,1.3630740172,1.4694894069,3.03E-06,12.8553912147,6.37,KFeF3,Pm-3m,6.37,1.72,,,,,3,
5229_SrTiO3, Pm-3m ,3.94893417806741,300,183.5,5,5,181.364,110.234,274.9887862992,0.2472956905,17.4899692144,-9.9204,-5.00836,4.9481736491,8.1459397659,4.7199273861,5.2383601359,394.9347880356,1.3898139264,1.2322429656,1.2869120926,2.21E-06,39.6588971248,6.44,SrTiO3,Pm-3m,6.44,2.36,,,,,10.5,4
2695221_YNaGe,,6.91314444623738,300,738.024,12,3,36.1426,0.40658,1.2151833343,0.4943963479,0.0061972435,-0.33904,-0.00692,3.7054849244,3.1464439522,0.3312458763,0.3791081637,25.9169625759,1.4016138848,2.6449556463,2.3062308517,8.95E-06,0.0261569259,8.06,55 GeNaY,F-43m,8.06,,,4.28,,8.17,,
3448_KMgF3, Pm-3m ,4.05344927915486,300,120.397,5,5,69.1705,46.8995,114.7613773884,0.2234818856,12.0565413059,-3.85951,-2.11819,3.0018568938,6.6237375525,3.9526568628,4.3749034133,321.331764529,1.5232647498,1.3373094312,1.4020376276,2.71E-06,14.8879151258,8.25,KMgF3,Pm-3m,8.25,2.74,,,,,10,
1017439_SrSiO3, Pm-3m ,3.69578287487207,300,163.705,5,5,202.534,145.306,351.7888621664,0.2105104475,24.959451197,-13.873,-9.99847,5.3850674339,8.5783339077,5.1945293061,5.7412004473,462.4940968035,1.5660588047,1.5700915044,1.568748423,3.55E-06,57.562072118,10.1,SrSiO3,Pm-3m,10.1,3.23,,,,,,
1764992_SrSiCd,,6.9704193919975,300,912.464,12,3,38.9743,16.1689,42.6137751043,0.3177697649,3.6395994488,-0.38637,-0.27348,4.4693099141,3.6802325799,1.9020415599,2.1293865927,144.3750681992,1.9342143156,2.697457411,2.4693952017,1.05E-05,5.793137051,13.5,43 SiCdSr,F-43m,13.5,,,3.79,,3.55,,
2713294_NbRhSi,,5.90029683463002,300,895.604,12,3,188.739,77.44,204.3689937964,0.3195312099,8.9826824029,-3.14478,-0.73006,7.2326242245,6.353861932,3.2721614312,3.6641114394,293.4887166686,1.28186125,0.8015772938,0.9879643348,1.17E-06,28.0280149364,15.3,111 RhNbSi,F-43m,15.3,,,26.15,,27.39,,
961671_PtGeTi, F-43m ,3.76829577722739,300,315.57,3,3,151.795,62.4786,164.8222655213,0.31902976,7.951831575,-10.9997,-1.89482,9.792854615,4.8997224126,2.5258699793,2.8282422905,223.4506183861,1.3726435283,0.6447457065,0.9514102354,1.07E-06,17.4104882237,16.9,PtGeTi,F-43m,16.9,,,14.41,,26.74,,
623646_NiSnTi, F-43m ,3.74396064925646,300,225.28,3,3,135.309,67.2683,173.116803236,0.2867636259,10.3558349194,-8.97841,-2.948,7.1281586845,5.6182704825,3.0719670035,3.4256257449,272.4071929325,1.338818095,0.9832883642,1.1144723573,1.56E-06,23.8350164905,17.9,NiSnTi,F-43m,17.9,,,10.7,,16.82,9.3,
2687616_HfCoBi,,6.18515351626917,300,1785.61,12,3,138.726,64.1214,166.6830065322,0.2997455337,9.2468870469,-1.47146,-0.8539,12.5180481894,4.2322374586,2.2632534364,2.5279222516,193.1567216494,1.2104926352,1.4088589613,1.3459890497,2.46E-06,18.8979224726,18.6,89 CoBiHf,F-43m,18.6,,,10.43,,22.47,,
3432_NiSbSc, F-43m ,3.84624922840379,300,225.396,3,3,98.1737,66.9429,163.6353541032,0.2222009661,14.9453846198,-4.32888,-3.04368,6.5778275932,5.3380096201,3.1901493686,3.5304351212,273.275530039,1.1064081785,1.1268640289,1.1200869217,1.58E-06,24.7836148431,19.5,NiSbSc,F-43m,19.5,,,9.13,,16.35,,
1932053_NiSnZr,,6.1493973454894,300,1074.5,12,3,123.603,72.6821,182.3115062663,0.2541706023,13.1874630642,-2.07813,-0.78328,7.6649656219,5.3636628118,3.0793469794,3.4203341726,262.8648882303,1.4797412125,1.086351141,1.2315236713,1.99E-06,27.5007793102,19.6,116 NiSnZr,F-43m,19.6,,,10.22,,17.49,8.8/17.2,
2686346_AsCoZr,,5.83651164665448,300,900.316,12,3,155.719,82.1092,209.5043580566,0.2757666501,12.4665981897,-2.91538,-1.17245,7.5116675452,5.9417843893,3.3061894151,3.6818233121,298.1303452858,1.5121634039,1.2528241395,1.3448388762,2.45E-06,33.0495736636,24,4 CoAsZr,F-43m,24,,,17.51,,27.72,,
21043_RbPbF3, Pm-3m ,4.83629888030719,300,349.662,5,5,49.6481,19.4144,51.5268450859,0.327026462,3.7799102505,-1.50273,-0.25498,5.1328383725,3.8361214794,1.9448369278,2.1799311714,134.1960034012,1.2131536332,0.5761669414,0.8437374051,8.01E-07,0.9200562488,0.32,RbPbF3,Pm-3m,,0.32,,,,,,
7483_KHgF3, Pm-3m ,7.30070675586734,300,1186.728,20,20,55.5039,15.5995,42.7897778525,0.3715111976,2.2598558692,-0.55225,-0.03342,5.0641320713,3.8816731097,1.7551038848,1.9790603165,80.705672076,1.3551343446,0.2501647895,0.8086107295,7.24E-07,0.2520085516,0.37,KHgF3,Pm-3m,,0.37,,,,,,
7482_RbHgF3, Pm-3m ,4.62528607921193,300,343.052,5,5,57.4446,18.7115,50.6365333044,0.3530858911,2.9871636804,-2.06489,-0.24968,5.756953283,3.7831146951,1.8028431718,2.0278045201,130.5261174218,1.2731474696,0.4935111919,0.8382543513,7.89E-07,0.7923048114,0.43,RbHgF3,Pm-3m,,0.43,,,,,,
10175_KCdF3, Pm-3m ,4.47125713064562,300,208.503,5,5,60.9608,24.6721,65.2179479757,0.321694302,4.5273332234,-2.89818,-0.43308,3.8732177993,4.9226302997,2.5238706823,2.8269848091,188.2364664065,1.4884357364,0.6178839229,0.9964941922,1.19E-06,1.4962150238,0.75,KCdF3,Pm-3m,,0.75,,,,,,
14099_AgZnF3, Pm-3m ,4.07001724522673,300,230.252,5,5,87.3594,29.6287,79.8579296308,0.3476448449,4.0978241819,-4.64088,-1.038,5.6710465375,4.7297497749,2.2857287596,2.5690616292,187.9265780875,1.4342458945,1.0143159617,1.1711440313,1.76E-06,1.5964631114,0.8,AgZnF3,Pm-3m,,0.8,,,,,,
1016821_BaSiO3, Pm-3m ,3.83698874167366,300,213.412,5,5,178.613,124.522,303.1239456509,0.2171501648,22.0520309385,-10.9845,-7.99104,6.273296425,7.4120169933,4.4552813938,4.9277502852,382.3561671098,1.60676541,1.6459200634,1.6329728302,3.91E-06,13.4200584864,0.87,BaSiO3,Pm-3m,,0.87,,,,,,
4950_KCaF3, Pm-3m ,4.47142385661828,300,136.17,5,5,53.9291,28.1987,72.0399114121,0.2773622793,6.606157623,-0.000946554,-0.56445,2.5292541241,6.0156041507,3.3390145397,3.7191032384,247.62946939,0.2013492852,0.7280878788,0.6057407182,3.62E-07,1.8230578595,1.06,KCaF3,Pm-3m,,1.06,,,,,,
22535_PbHfO3, Pm-3m ,4.14819198350628,300,433.69,5,5,171.413,89.5169,228.7335716592,0.2775999373,12.9655855785,-8.5108,-3.01734,10.0890764486,5.368441753,2.9787003098,3.317870034,238.1279947036,1.3717910435,1.036333712,1.1589917734,1.72E-06,6.2094377295,1.12,PbHfO3,Pm-3m,,1.12,,,,,,
977408_TlNbO3, Pm-3m ,4.06921217800264,300,345.29,5,5,180.733,99.1291,251.4206015185,0.2681473024,14.5756929784,-8.62283,-2.6591,8.5094510105,6.0639494572,3.4131062684,3.7973749011,277.8325164971,1.1434745584,0.7370546321,0.8933146379,9.19E-07,6.9405900253,1.75,TlNbO3,Pm-3m,,1.75,,,,,,
12725_AgNbO3, Pm-3m ,3.99039361447476,300,248.778,5,5,194.516,81.7014,215.0021716692,0.3157802172,9.5260976518,-10.562,-3.04992,6.5014961504,6.8318413848,3.5449335145,3.9676245333,296.0225277397,1.3648789367,1.0193100534,1.146135606,1.67E-06,6.5531022291,1.79,AgNbO3,Pm-3m,,1.79,,,,,,
4551_SrHfO3, Pm-3m ,4.14120652209901,300,314.11,5,5,170.038,103.21,257.5255457474,0.247580398,16.8024615418,-7.67617,-3.24446,7.3442870526,6.4722394955,3.7487464503,4.1606435632,299.1186934886,1.2186520908,0.9496086419,1.046999851,1.35E-06,8.5441472971,2.2,SrHfO3,Pm-3m,,2.2,,,,,5.2,2.7
19845_PbTiO3, Pm-3m ,3.9649012536452,300,303.08,5,5,189.038,95.0097,244.1295984684,0.2847614426,12.8366079991,-10.3738,-4.75059,8.0743709889,6.253095284,3.4302804128,3.8242401493,287.1591860281,1.4825994078,1.3916177753,1.4225916572,2.81E-06,7.8947744152,2.42,PbTiO3,Pm-3m,,2.42,,,,,5,
861873_TlTaO3, Pm-3m ,4.06780254334508,300,433.328,5,5,212.906,109.491,280.4050975249,0.2804938192,14.3271326859,-12.6823,-3.53252,10.6901970364,5.7941568018,3.2003417427,3.5660149111,260.9956228613,1.4642849624,0.919148246,1.1304567583,1.62E-06,7.9310091173,2.86,TlTaO3,Pm-3m,,2.86,,,,,,
935811_KNbO3, Pm-3m ,4.03264944502121,300,180.008,5,5,174.046,116.094,284.9297229158,0.227150942,20.0999147883,-9.33171,-4.07238,4.5579435533,8.4938879557,5.0468502234,5.5882847957,412.5703302727,1.3052776479,0.9835507451,1.1012861987,1.52E-06,12.7669447565,2.94,KNbO3,Pm-3m,,2.94,,,,,10,
4170_NaTaO3, Pm-3m ,3.9761075721172,300,251.938,5,5,205.976,114.014,288.7624005399,0.2663462405,15.9891788525,-11.3097,-3.14818,6.6553032486,7.3342271066,4.1389975259,4.6039927736,344.7358429471,1.194788255,0.7011855041,0.8964450525,9.27E-07,9.4661121523,3.45,NaTaO3,Pm-3m,,3.45,,,,,,
1076534_RbTaO3, Pm-3m ,4.07363611249652,300,314.416,5,5,194.89,127.542,314.1058328419,0.2313819481,20.7681409126,-10.737,-4.70344,7.7233637691,6.8740242311,4.063716162,4.5018294753,329.0157900015,1.4085772397,1.0797954556,1.1994451901,1.86E-06,11.8216929426,3.61,RbTaO3,Pm-3m,,3.61,,,,,,
5893_CaSiO3, Pm-3m ,3.60575212117237,300,116.163,5,5,218.867,153.139,372.5315059365,0.2163182009,24.9945114922,-17.5966,-10.5548,4.1146108279,10.1398764899,6.1006838718,6.7470222813,557.0910858669,1.5880500154,1.4488885609,1.4967140648,3.17E-06,20.5044184676,4.89,CaSiO3,Pm-3m,,4.89,,,,,,
2136_Sb2O3, Pccn ,7.12332473181253,300,1166,20,20,13.5596,20.2994,40.6254316815,0.0006559721,18.6609679326,-0.40453,-0.28799,5.3567190557,2.7539100227,1.9466692377,2.1107946072,88.2212415754,3.3411004133,2.3973003841,2.7481539401,1.36E-05,1.7158518769,0.4,Sb2O3,Pccn,,,,8.74,3.45,,0.4,
22922_AgCl, Fm-3m ,3.53168508226764,300,143.321,2,2,42.8008,9.54988,26.6663409632,0.3961610493,1.2945762289,-4.21795,-0.74278,5.4027200577,3.2060710395,1.3295134177,1.5042430497,126.807802098,1.8989755795,1.5464155396,1.6722151271,4.14E-06,2.5457418997,1,AgCl,Fm-3m,,,0.67,0.613,2.58,,1,
5342_AgGaS2, I-42d ,5.62638484421614,300,483.446,8,8,62.8958,19.8709,53.932954814,0.3570838466,2.9854819461,-1.42128,0.21616,4.5072143855,4.4533945212,2.0996874915,2.3629669631,125.0368855958,0.9621494842,-1.1354264511,1.0807586967,1.45E-06,2.7535489214,1.4,AgGaS2,I-42d,,,,0.993,2.97,,1.4,
1883_SnTe, Fm-3m ,4.03326427190145,300,246.31,2,2,41.2661,30.211,72.8541154586,0.2057547823,10.1970709008,-2.06878,-1.28032,6.233910382,3.6168031384,2.2014167832,2.43183428,179.5094141179,1.3522962196,1.2235851489,1.2679414154,2.13E-06,12.6884651053,1.5,SnTe,Fm-3m,,,,5.24,4.46,,1.5,
20320_InTe, I4/mcm ,6.45699419569806,300,969.68,8,8,20.9932,12.1476,30.5502263745,0.2574593489,4.5444233277,-0.33592,-0.20054,5.9811652073,2.4935621092,1.4251229773,1.5835473515,73.0147480311,2.0169335986,2.0554748839,2.042708589,6.69E-06,1.6280941318,1.7,InTe,I4/mcm,,,,1.4,1.32,,1.7,
23268_NaI, Fm-3m ,4.09700356116522,300,149.894,2,2,14.7171,8.73427,21.875307861,0.2522688136,3.8594967515,-0.84855,-0.43094,3.619376589,2.6988504884,1.553446926,1.7250796085,125.3581957224,1.6895309549,1.5298542675,1.5848683444,3.64E-06,2.920613883,1.8,NaI,Fm-3m,,,1.46,0.851,1.17,,1.8,
2201_PbSe, Fm-3m ,3.90571155244908,300,286.16,2,2,48.4626,29.814,74.221700962,0.2447457732,8.2548973752,-2.92283,-1.32511,7.9754826833,3.3257664386,1.9334441674,2.1451760022,163.5206844226,1.4170221433,1.1573766318,1.2499324102,2.06E-06,10.7287924079,2,PbSe,Fm-3m,,,1.21,4.81,4.88,,2,
1342_BaO, Fm-3m ,5.61752587575071,300,613.308,8,8,71.1538,38.1922,97.1878862184,0.2723525513,8.1343672572,-1.39745,-0.48467,5.7450251352,4.6096768695,2.5783470361,2.8700935322,152.1110979097,1.3171646614,0.9581369699,1.0910202643,1.48E-06,6.3030241479,2.3,BaO,Fm-3m,,,2.99,7.1,8.88,,2.3,
22903_RbI, Fm-3m ,4.73336749738395,300,212.372,2,2,9.35648,5.19493,13.1508977268,0.2657434967,2.6343334811,-0.34857,-0.15664,3.3253329241,2.2128417489,1.2498914114,1.3902096134,87.4419825409,1.6485562921,1.4321683513,1.5077522145,3.23E-06,1.5904784312,2.3,RbI,Fm-3m,,,1.64,0.368,0.52,,2.3,
23209_SrCl2, Fm-3m ,4.439520008713,300,158.526,3,3,34.218,14.1887,37.3971196266,0.3178486974,3.3698561464,-1.33865,-0.24407,3.0084375213,4.2026673942,2.171704868,2.4313068246,163.0473272521,1.2034588377,0.5859084459,0.8435817661,8.01E-07,3.8151101617,2.3,SrCl2,Fm-3m,,,1.8,,,,2.3,
19717_PbTe, Fm-3m ,4.1314652212515,300,334.8,2,2,40.7703,26.3552,65.0490239203,0.2340832913,8.1385682414,-2.09064,-1.08084,7.8835475937,3.103060691,1.8284046251,2.0261486402,146.0081619568,1.4738145347,1.2793636575,1.3473024925,2.46E-06,9.740377531,2.5,PbTe,Fm-3m,,,1.73,4.07,4.15,,2.5,
2730_HgTe, F-43m ,4.19587652743734,300,328.19,2,2,34.4956,13.4104,35.6158928371,0.3279206003,3.0234772318,-1.79301,0.06722,7.3774418162,2.6644883164,1.3482423647,1.5113971526,107.2422291214,1.0345381458,-0.3518043732,0.6627724117,4.49E-07,2.893086897,2.5,HgTe,F-43m,,,,1.21,2.36,,2.5,
22898_KI, Fm-3m ,4.54393185360342,300,166.002,2,2,11.5362,6.02379,15.3922724157,0.2776235904,2.6735486214,-0.43088,-0.18222,2.9380990991,2.5807094498,1.4318637409,1.5949075315,104.4993603062,1.4487239523,1.2523635784,1.3210639847,2.35E-06,1.9320770006,2.6,KI,Fm-3m,,,1.46,0.525,0.72,,2.6,
22916_NaBr, Fm-3m ,3.77836271860064,300,102.894,2,2,21.0674,11.6921,29.6003744993,0.2658279736,4.232106315,-1.99807,-0.60223,3.167580471,3.401839672,1.9212435928,2.1369523755,168.3841188931,1.8941788329,1.222488669,1.4806384369,3.09E-06,4.3605884559,2.8,NaBr,Fm-3m,,,2.74,1.33,1.66,,2.8,
23295_RbCl, Fm-3m ,4.23322104124127,300,120.921,2,2,13.0613,8.65588,21.2691908072,0.2285978322,4.3682461774,-0.73542,-0.26915,2.6468994266,3.0487419384,1.808368334,2.0026996251,140.8493356871,1.5204114049,1.0127465761,1.2059521957,1.89E-06,3.09555325,2.8,RbCl,Fm-3m,,,,0.837,1.09,,2.8,
21276_PbS, Fm-3m ,3.77204789448836,300,239.266,2,2,54.4024,32.1734,80.6261808257,0.2529944119,8.2416473619,-3.58755,-1.43618,7.402832826,3.6254176457,2.0847285219,2.3152573662,182.7393217933,1.3508874954,1.0312138899,1.1477080347,1.68E-06,11.6857361743,2.9,PbS,Fm-3m,,,1.35,6.11,6.48,,2.9,
820_HgSe, F-43m ,3.95256469663525,300,279.55,2,2,44.56,14.3723,38.9312911181,0.354386254,2.5305955684,-2.74551,0.52417,7.5174592538,2.9114731719,1.3826988305,1.5555072294,117.1663711194,0.8249568205,-1.2927041659,1.1579755145,1.71E-06,3.784394848,3,HgSe,F-43m,,,,1.32,3.22,,3,
23251_KBr, Fm-3m ,4.24305671357961,300,119.002,2,2,11.3183,7.94457,19.3145937092,0.2155845885,4.4435445164,-1.32896,-0.27154,2.586820527,2.9103722767,1.7524758776,1.9379854466,135.982057256,2.7810800086,1.1388124593,1.8554598396,5.31E-06,3.2645674776,3.4,KBr,Fm-3m,,,2.38,0.842,1,,3.4,
753_ZnSb, Pbca ,7.39406634151807,300,1497.12,16,16,46.1683,26.8948,67.5647220253,0.2560926652,7.2914777032,-2.49166,-0.17875,6.1497170141,3.6521918565,2.0912530804,2.3233521786,93.549535571,6.5603006892,1.1767098875,3.9075498483,3.17E-05,3.9236479752,3.5,ZnSb,Pbca,,,,1.23,1.24,,3.5,
22867_RbBr, Fm-3m ,4.43850502925177,300,165.372,2,2,9.7129,6.92255,16.7809580382,0.212050331,4.1734841639,-0.51468,-0.20013,3.1405114271,2.455974247,1.4846800116,1.6412040096,110.086936305,1.6370663495,1.0972727198,1.3023057854,2.27E-06,2.1855470147,3.8,RbBr,Fm-3m,,,1.68,0.558,0.76,,3.8,
241_CdF2, Fm-3m ,3.45688605753326,300,150.407,3,3,109.822,32.8304,89.5661720602,0.3640737253,3.7539470584,-8.7485,-1.69283,6.0459061604,5.0403310662,2.3302761271,2.6249602892,226.0724314747,1.3133263216,0.8983646351,1.0549793145,1.37E-06,8.2162140839,4.3,CdF2,Fm-3m,,,3.01,,,,4.3,
2691_CdSe, F-43m ,3.91116676870214,300,191.371,2,2,44.5726,16.3207,43.6361620209,0.336834879,3.1621104487,-3.05538,0.27523,5.3113591806,3.5339770903,1.7529379977,1.9673833776,149.7588843297,1.0457470462,-0.6711490387,0.8153667782,7.38E-07,4.6523394734,4.4,CdSe,F-43m,,,,2.04,4.99,,4.4,
5238_CuGaS2, I-42d ,5.36717628653706,300,394.802,8,8,78.7311,34.1709,89.5562833574,0.3104173925,5.944369741,-2.39971,-0.05035,4.2402387644,5.4141085174,2.8387886013,3.1750824043,176.1242163358,1.3676144101,-0.0527596069,0.7907667855,6.86E-07,5.290683531,5.09,CuGaS2,I-42d,,,,2.79,3.78,,5.09,
22862_NaCl, Fm-3m ,3.55978915554712,300,58.443,2,2,23.8895,15.2294,37.6810574444,0.2371156265,5.8094636405,-2.0392,-1.02555,2.1513358883,4.5324629179,2.6606471663,2.9494203422,246.67340467,1.5718835207,1.3521902975,1.429178669,2.84E-06,7.2331410336,7.1,NaCl,Fm-3m,,,6.53,2.12,2.43,,7.1,
23193_KCl, Fm-3m ,4.04164818545888,300,74.551,2,2,16.2372,9.93989,24.7660176608,0.2457893227,4.3165485669,-0.99013,-0.4064,1.8751089272,3.9657650653,2.302382833,2.5548267381,188.1970790631,1.548170461,1.1829724138,1.3160140881,2.33E-06,4.5011523063,7.1,KCl,Fm-3m,,,3.77,1.25,1.4,,7.1,
406_CdTe, F-43m ,4.17609243885551,300,240.011,2,2,35.8159,14.3805,38.0491130095,0.3229412402,3.2708044153,-1.48973,-0.01592,5.4722935303,3.1699818282,1.6210719866,1.8160566969,129.4700251129,0.8339077482,-0.1263532701,0.492386173,2.2E-07,3.2900436022,7.5,CdTe,F-43m,,,,1.71,3.49,,7.5,
2741_CaF2, Fm-3m ,3.46551161387774,300,78.074,3,3,94.4419,44.3896,115.1308574185,0.2968224248,7.6044155224,-7.60244,-2.2898,3.1149630732,7.0227754809,3.7749757357,4.2148707986,362.0985955802,1.2766968193,0.9067995957,1.0447528866,1.34E-06,17.4999981453,9.76,CaF2,Fm-3m,,,7.04,,,,9.76,
1317_CoSb3, Im-3 ,7.23029926952186,300,1696.732,16,16,55.8466,58.1543,129.5092754902,0.1134969855,22.588371842,-35.6923,-0.40465,7.4540616114,4.2301726483,2.7931510808,3.0572001296,125.8860272998,51.1690904112,1.1483659878,29.5573640141,0.00406,23.7039996707,10,CoSb3,Im-3,,,,2.6,1.6,,10,
3668_CdGeP2, I-42d ,5.70744896642306,300,493.938,8,8,65.3051,35.4631,90.0831349266,0.2700967333,7.8958700615,-1.29574,-0.1294,4.4115872851,5.0518563488,2.8352470691,3.1551996447,164.5867009146,1.0456223331,0.172531655,0.619908705,3.82E-07,5.2112273655,11,CdGeP2,I-42d,,,,2.96,3.4,,11,
4008_ZnGeAs2, I-42d ,5.74182834187504,300,575.688,8,8,54.1355,31.8645,79.914170194,0.2539686829,8.1500421026,-0.22847,-0.31666,5.0499271265,4.3741566499,2.5119500462,2.7900409437,144.6672761543,0.4707398888,0.7739371087,0.6878840356,4.91E-07,4.3257810123,11,ZnGeAs2,I-42d,,,,3.18,2.95,,11,
2343_Mg2Sn, Fm-3m ,4.30131562411287,300,167.32,3,3,41.9861,21.6065,55.3286015828,0.2803693699,5.5487119424,-1.52149,2.57837,3.4913426137,4.5030248406,2.487688373,2.7718908677,191.8601362824,-1.2437383141,-4.9149295644,4.0767613878,3.51E-05,11.9368553192,11.1,Mg2Sn,Fm-3m,,,9.91,,,,11.1,
2472_SrO, Fm-3m ,3.27976599560014,300,103.62,2,2,86.8243,55.6551,137.5706545778,0.2359213673,12.4790321466,-8.47633,-3.94561,4.8771213278,5.7460989439,3.3780860168,3.7442148739,339.8817439198,1.3381557459,1.0839026504,1.174783769,1.77E-06,28.5773771884,12,SrO,Fm-3m,,,9.12,13.4,12.47,,12,
3595_ZnSiAs2, I-42d ,5.62575298561751,300,486.638,8,8,62.3103,42.1308,103.1453319571,0.2241083952,11.2867125336,-1.41151,-0.24712,4.5385026015,5.1094581022,3.0467972753,3.3725108606,178.477153219,1.1414585322,0.3555132587,0.7201173365,5.48E-07,6.851820429,14,ZnSiAs2,I-42d,,,,3.96,3.7,,14,
643_ThO2, Fm-3m ,3.53888609127231,300,264.039,3,3,189.641,91.7845,237.1018026593,0.2916222383,12.0367566851,-13.6218,-4.99458,9.8927463908,5.616076441,3.0459743045,3.3986986132,285.9275499966,1.2737275333,1.0392002586,1.1228321608,1.59E-06,30.6271581646,14,ThO2,Fm-3m,,,14.42,,,,14,
23703_LiH, Fm-3m ,2.5266482719085,300,8.01,2,2,36.9929,43.2182,93.3150987926,0.0795810422,21.7233353885,-5.35167,-5.19188,0.8246063918,10.7117794206,7.2395236141,7.9000079546,930.8777975571,0.8795624512,0.8021962707,0.8287878335,7.68E-07,30.4090315858,15,LiH,Fm-3m,,,28.4,18.6,8.58,,15,
408_Mg2Ge, Fm-3m ,4.04491054036983,300,121.22,3,3,50.8624,41.9597,98.7296091972,0.1764813523,14.2107336466,-2.43326,-1.44816,3.0415577373,5.925912224,3.7142245371,4.0903196029,301.063603284,1.1853714882,0.975372347,1.050048887,1.35E-06,18.2650145854,15.7,Mg2Ge,Fm-3m,,,11.49,,,,15.7,
1239_IrSb3, Im-3 ,7.45243978166947,300,2229.88,16,16,95.9234,60.4712,149.9116071631,0.2395289589,12.8468314402,-0.85685,-0.34319,8.9461178313,4.4424096496,2.5999020498,2.882880411,115.1696598779,1.3740872288,1.0078291346,1.143030306,1.66E-06,6.7219710364,16,IrSb3,Im-3,,,,2.73,2.64,,16,
672_CdS, P63mc ,4.7140968047088,300,288.954,4,4,53.346,15.3087,41.9165070788,0.3690420179,2.2902746019,-1.83557,0.35532,4.5801718075,4.0129384977,1.8282192253,2.060809784,130.1515496954,0.8004419133,-1.3824238244,1.2196855492,1.94E-06,3.2644762795,16,CdS,P63mc,,,,1.76,4.4,,16,
1138_LiF, Fm-3m ,2.5601415937308,300,26.008,2,2,49.0084,51.7367,114.8097094791,0.109557717,21.4353334122,29.7424,-7.83684,2.5737333384,6.770832239,4.4835042723,4.9055817755,570.4748027079,-1.5385600865,1.1042123728,1.2656667634,2.12E-06,27.2757751247,17.6,LiF,Fm-3m,,,10.73,9.96,8.71,,17.6,
20724_Mg2Pb, Fm-3m ,4.36801879797087,300,255.81,3,3,36.7196,12.0898,32.682530358,0.3516571969,2.342852532,-1.5502,1.20993,5.0969757781,3.2197516906,1.5401154349,1.7319592871,118.0492175337,-0.2163810865,-4.3369410385,3.543300529,2.51E-05,4.0815016567,18,Mg2Pb,Fm-3m,,,9.2,,,,18,
2176_ZnTe, F-43m ,3.89629277343114,300,192.99,2,2,45.2592,22.758,58.473174873,0.2846729694,5.5670264854,-2.77588,-0.41803,5.4178703148,3.7355606017,2.0495227523,2.2848806499,174.5910067788,1.1372591901,0.3765813011,0.725025383,5.57E-07,7.065832915,18,ZnTe,F-43m,,,,3.83,4.87,,18,
1367_Mg2Si, Fm-3m ,6.35810855770339,300,306.78,12,12,55.6171,45.4103,107.0862688549,0.1790966901,14.7042256591,-0.64962,-0.34617,1.981945806,7.6557933664,4.7866458668,5.2727538158,246.8990895673,1.0626564697,0.8130237901,0.9039273826,9.45E-07,9.4359451209,18.8,Mg2Si,Fm-3m,,,15.67,,,,18.8,
10695_ZnS, F-43m ,3.43357734359847,300,97.456,2,2,69.0588,35.0276,89.8857005083,0.2830696438,7.2374229484,-5.3592,0.40073,3.9977591548,5.3811512325,2.9600352133,3.2992980687,286.078125055,0.676922906,-0.3982205042,0.5083908472,2.38E-07,12.0021433481,27,ZnS,F-43m,,,,8.38,11.33,,27,
2605_CaO, Fm-3m ,3.04344196939866,300,56.078,2,2,105.002,76.8543,185.3433401582,0.2058098256,17.6025861262,-11.0452,-6.82857,3.3032845688,7.925182363,4.8234867667,5.3283824048,521.2430685562,1.2022428769,1.0856860859,1.1258798765,1.6E-06,50.8914220874,27,CaO,Fm-3m,,,20.41,24.3,19.54,,27,
20305_InAs, F-43m ,3.91638949801611,300,189.742,2,2,48.8356,19.2234,50.9809102829,0.3260117951,3.7873048499,-3.58561,0.35283,5.2451074589,3.7679414938,1.9144230134,2.1455549513,163.1036565079,1.0897876318,-0.7179348632,0.8599414744,8.39E-07,6.0953390866,30,InAs,F-43m,,,,4.33,5.36,,30,
4524_ZnGeP2, I-42d ,5.48391997574984,300,399.896,8,8,71.6043,48.6109,118.9214687581,0.2231975623,12.3301630938,-1.5902,-0.26291,4.0264497372,5.8207108327,3.4746069969,3.8456631464,208.7805629328,1.0064409331,0.2793147614,0.6242213346,3.89E-07,8.2976293486,35,ZnGeP2,I-42d,,,,5.07,4.45,,35,
1156_GaSb, F-43m ,3.92722567049864,300,191.473,2,2,45.1659,19.9313,52.1262822513,0.30764883,4.4216721391,-2.79157,0.58247,5.2492652228,3.6968714898,1.9485814096,2.1786437334,165.1620603624,0.6839290485,-1.0517119949,0.9451552225,1.05E-06,6.6511271101,40,GaSb,F-43m,,,,4.96,4.62,,40,
22205_InN, P63mc ,4.04735385750906,300,257.642,4,4,126.948,47.0566,125.6452346905,0.3350436994,5.9598700679,-7.21716,0.05779,6.4528516601,5.4218379132,2.7004393737,3.0300766384,222.8909162513,1.0811290507,-0.2073780334,0.6467486172,4.23E-07,9.7386631304,45,InN,P63mc,,,,6.82,10.44,,45,
2534_GaAs, F-43m ,3.62969269382048,300,144.645,2,2,55.5955,39.3308,95.4773782822,0.2137736619,11.4311426816,-13.3637,-6.52925,5.0227597132,4.6378231705,2.7983059055,3.0939055502,253.7740010298,4.7175921846,3.8025983241,4.1301809504,3.62E-05,30.3845914261,45,GaAs,F-43m,,,,8,7.2,,45,
2624_AlSb, F-43m ,3.92700953259669,300,148.731,2,2,49.365,29.8318,74.4903031078,0.2485050032,8.0870857924,-2.84822,-0.31204,4.0781592393,4.6752626232,2.7046286213,3.0021260694,227.6024343844,0.9421664429,0.1500614959,0.5575884119,2.97E-07,10.9468698658,56,AlSb,F-43m,,,,6.83,7.22,,56,
1265_MgO, Fm-3m ,2.67587097151511,300,40.305,2,2,153.228,122.451,290.0809888634,0.1844778273,25.6187703117,-19.7986,-17.1614,3.4931076423,9.5187107164,5.9207290048,6.525654421,726.0538546668,1.1252260292,1.1759619113,1.1592966906,1.72E-06,87.9382272068,60,MgO,Fm-3m,,,54.06,44.5,31.86,,60,
1550_AlP, F-43m ,3.46939299012933,300,57.955,2,2,84.8087,49.085,123.4403465162,0.257414144,10.2889215603,-6.38519,-0.49143,2.3045119703,8.0746835684,4.6151403575,5.1281568374,440.0659180653,0.811695582,0.0423800564,0.4699084507,1.97E-07,25.4374342345,90,AlP,F-43m,,,,19.34,21.16,,90,
20351_InP, F-43m ,3.7795298165678,300,145.794,2,2,63.0936,31.4462,80.8985111875,0.2863002714,6.6570118102,-4.39262,-0.36826,4.4840956929,4.8395215776,2.6481748096,2.952874792,232.604005504,1.0886307873,0.1494662429,0.6402596626,4.13E-07,11.6504217871,93,InP,F-43m,,,,6.53,7.78,,93,
2172_AlAs, F-43m ,3.61215030358994,300,101.903,2,2,67.0829,41.6954,103.6182197384,0.2425617663,10.1659706025,-4.75488,-0.52985,3.5903606721,5.8453715493,3.4078073339,3.7800409408,311.5592307942,0.8824043,0.1327887948,0.5208656502,2.52E-07,17.2200844448,98,AlAs,F-43m,,,,11.64,12.03,,98,
856_SnO2, P42/mnm ,4.22595417451191,300,301.42,6,6,179.366,88.1293,227.1804506354,0.2889042046,11.9630030709,-8.88176,-1.66219,6.6320266646,6.6905418602,3.6453315004,4.0660812269,286.4581609285,1.243988125,0.5450460061,0.8449175014,8.04E-07,18.7350479755,98,SnO2,P42/mnm,,,,6.98,9.56,,98,
2490_GaP, F-43m ,3.48730091830865,300,100.697,2,2,80.7096,50.9903,126.3604468352,0.2390635752,11.6565008024,-8.00336,-1.27945,3.9427279154,6.1411854548,3.5962127767,3.9874182459,340.417830993,1.2179344125,0.3654097724,0.7638526989,6.31E-07,24.975645887,100,GaP,F-43m,,,,13.34,11.76,,100,
5967_CoSbTi, F-43m ,3.7064897062549,300,228.563,3,3,99.1099,75.0202,179.7159088261,0.1977834558,18.0513976463,-13.313,-3.95894,7.453599973,5.1688360605,3.1725324166,3.5015891384,281.2628160789,2.2103009119,1.1768996315,1.5974579396,3.71E-06,30.4336639478,18.5,CoSbTi,F-43m,,,,12.13,,23.28,12 or 25,
682_NaF, Fm-3m ,2.91384579874091,300,41.988,2,2,52.4118,36.3275,88.5288812086,0.2184829841,10.6539658499,-7.08337,-3.81125,2.8182144761,5.982016809,3.5902999665,3.9716262911,405.7997213011,1.3254879346,1.1311149726,1.1994110259,1.86E-06,17.6556363213,17.45,NaF,Fm-3m,,,21.11,4.67,4.52,,16.5/18.4,
1190_ZnSe, F-43m ,3.61750731400797,300,144.35,2,2,56.3189,29.0179,74.2939037371,0.2801392199,6.6030322514,-4.2422,-0.26488,5.0633399046,4.3317643475,2.3939465437,2.66736415,219.5244130175,0.978193196,0.0493968527,0.5661984419,3.08E-07,8.8355265337,26,ZnSe,F-43m,,,,5.44,7.46,,19/33,
20012_InSb, F-43m ,4.19322414621018,300,236.57,2,2,36.8242,14.5179,38.4948494375,0.3257719587,3.2195500482,-1.94439,0.3045,5.3279971533,3.2472392414,1.650706678,1.8499414342,131.3469021382,0.8427910426,-0.9398771517,0.9086684144,9.57E-07,4.3440939312,18.25,InSb,F-43m,,,,3.02,3.64,,20/16.5,
30717_Hg4K2, Imma ,5.94505391278912,300,880.556,6,6,9.70006,5.4157,13.6978554358,0.264643115,2.7168630322,0.64308,0.34669,6.9588605981,1.5593509128,0.8821820789,0.9810900584,49.1318378778,-7.0295214478,-6.8921594746,6.9382489682,0.000126,0.9017551349,0.086,Hg4K2,Imma,,,,0.086,,,,
621624_Sb6Tl21, Im-3m ,9.41256806868007,300,5022.48,27,27,29.3115,16.6745,42.0498375928,0.2609025036,5.3616465819,-0.16194,-0.10039,10.0009757559,2.2702232865,1.2912348018,1.4353626823,45.4007945662,2.2261159942,2.3436703389,2.3051517473,8.94E-06,0.9190260797,0.089,Sb6Tl21,Im-3m,,,,0.089,,,,
20118_Ag2Cr4Te8, Fd-3m ,7.09171817516616,300,1444.52,14,14,61.705,6.38702,18.5219958615,0.4499716504,0.4165370653,-0.76691,0.12912,6.7253935359,3.2312810697,0.9745189464,1.1104917123,46.6201628128,1.3437323197,-3.7717860494,3.1758650555,1.93E-05,0.4727187211,0.107,Ag2Cr4Te8,Fd-3m,,,,0.107,,,,
21613_K5Pb24, I-43m ,9.98330547813691,300,5168.29,29,29,29.5983,8.44429,23.1329534765,0.3697394024,1.6060763524,-0.11003,-0.02278,8.625262912,2.1764512516,0.9894535224,1.1154405056,33.2645753395,1.5429560239,1.1754295901,1.3094506143,2.3E-06,0.2929568973,0.135,K5Pb24,I-43m,,,,0.135,,,,
23425_Cs8Pb4Cl24, Fm-3m ,6.83262865362047,300,685.718,9,9,7.90408,3.76125,9.7389515529,0.2946429449,1.8207568608,-0.11943,-0.0549,3.5696911638,1.9023940181,1.0264806767,1.1457812655,49.9256619274,2.2114096902,2.1612830841,2.1781201342,7.8E-06,0.3552145874,0.157,Cs8Pb4Cl24,Fm-3m,,,,0.157,,,,
542680_Au4In8Na12, Fd-3m ,8.57787715786754,300,1982.304,24,24,29.6136,17.2377,43.3097486718,0.2562507954,5.6157334772,-0.16915,0.18466,5.2153005108,3.1757159013,1.8180255822,2.0198381166,70.104625501,-0.6290419782,-3.5473382644,2.9190701336,1.58E-05,1.5047631096,0.158,Au4In8Na12,Fd-3m,,,,0.158,,,,
22925_AgI, F-43m ,4.17571013533904,300,234.772,2,2,27.2524,8.34892,22.7260142449,0.3610152118,1.7340739275,-1.56387,0.19206,5.354313757,2.6774715594,1.2487147492,1.4060407256,100.2484090367,1.0736868951,-1.0041335845,1.0278411129,1.29E-06,2.0051601225,1.51,AgI,F-43m,,,,1.51,,,,
463_KF, Fm-3m ,3.43640240439537,300,58.096,2,2,32.4981,19.7717,49.3142441452,0.2470916549,6.4078658532,-2.6252,-1.21426,2.3772931393,4.9758824618,2.8839029255,3.2005922639,277.2913164091,1.2963736338,1.0794242309,1.1562724505,1.71E-06,9.0584188971,2.21,KF,Fm-3m,,,,2.21,2.68,,N/A,
1753098_NaSrSb,,7.30514430665322,300,929.44,12,3,26.9829,9.67471,25.9255924284,0.3398640594,2.2722228262,-0.21809,-0.15742,3.9549083198,3.1755799361,1.5640504867,1.7560962074,113.6098801952,1.9250398072,3.0049329368,2.693512092,1.3E-05,3.1199744808,2.83,108 SbNaSr,F-43m,,,,2.83,,3.49,,
22913_CuBr, F-43m ,3.60549572124822,300,143.45,2,2,51.007,10.1217,28.4811883529,0.4069369944,1.1676776721,-10.746,-0.01866,5.082228031,3.5625546628,1.4112360335,1.5990642793,132.0416279028,3.7465953228,-0.1234627484,2.1654454979,7.7E-06,3.2567380016,2.94,CuBr,F-43m,,,,2.94,,,,
1100430_ZnLiSb, F-43m ,4.03858493721434,300,194.15,3,3,44.2144,27.2291,67.7744979672,0.2445232851,7.8379744447,-2.12062,-1.01115,4.8943867011,4.0560414425,2.35867174,2.6169027983,192.91602422,1.2521830089,1.056371379,1.125433734,1.6E-06,7.9009185107,3.09,ZnLiSb,F-43m,,,,3.09,,6.44,,
379_AgSe, F-43m ,3.75486775266911,300,186.828,2,2,55.2052,4.07536,11.9324540025,0.4639754528,0.2156526019,-3.93912,1.00003,5.8601208979,3.2167904826,0.8339301993,0.9518557473,75.4720981047,0.970787762,-6.661993239,5.4682945761,7.11E-05,1.1947327912,3.09,AgSe,F-43m,,,,3.09,,,,
22914_CuCl, F-43m ,3.41595728547086,300,98.999,2,2,55.839,7.61808,21.8601191839,0.434752535,0.637898924,-26.0411,0.66918,4.124222256,4.0002692509,1.3591010054,1.5457440612,134.720934828,7.427936615,-1.9173384107,4.5653264038,4.61E-05,3.0477791234,3.76,CuCl,F-43m,,,,3.76,,,,
1123_HgS, F-43m ,3.78162877839312,300,232.656,2,2,48.7199,15.8471,42.8909289339,0.3532737515,2.705985205,-4.24206,1.17675,7.1437479369,3.1269301153,1.4894016755,1.6752938463,131.8930864979,0.8681249979,-2.1745621176,1.8449102795,5.24E-06,5.1786492216,4.35,HgS,F-43m,,,,4.35,,,,
10634_CuF, F-43m ,3.06665616463532,300,82.544,2,2,70.1281,8.27904,23.8967359833,0.4432069409,0.5654460013,-18.0036,37.496,4.7526825015,4.1325666283,1.3198378814,1.5027222587,145.8893423572,-5.850161244,-65.4752435065,53.5669033734,0.0167,7.6260052054,4.66,CuF,F-43m,,,,4.66,,,,
1008786_MgTe, Fm-3m ,3.76665187383788,300,151.905,2,2,48.6953,29.6721,73.9882469086,0.2467645854,8.140318368,-2.29044,-1.64725,4.7201322579,4.3241445468,2.5072466408,2.7824683507,219.9301054998,1.1916968543,1.3166971667,1.2763912997,2.16E-06,13.4754760026,5.57,MgTe,Fm-3m,,,,5.57,,,,
961645_GeAlLi, F-43m ,3.79556268754184,300,106.601,3,3,56.912,49.9296,115.8963633516,0.1605977552,16.9067424186,-3.45854,-1.97872,3.2372878775,6.1761251941,3.9272485038,4.3179536113,338.6973012973,1.1831952057,0.9168229828,1.0134231854,1.24E-06,21.1576444838,6.36,GeAlLi,F-43m,,,,6.36,,16.45,,
1008223_CaSe, F-43m ,4.15283591907585,300,119.038,2,2,31.8104,7.21607,20.1263478138,0.3945504834,1.1203195318,-1.40384,0.4854,2.7599413487,3.8745129255,1.61696434,1.829067354,131.1278253014,0.487305909,-2.5754811599,2.1216089381,7.33E-06,3.0237583438,6.78,CaSe,F-43m,,,,6.78,,,,
30460_NiBiY, F-43m ,4.09223197022836,300,356.576,3,3,115.78,49.0852,129.0224741111,0.3142706367,7.1482048384,-6.42589,-2.63555,8.6401230014,4.5798516242,2.3835008978,2.6671840059,194.0450939053,1.7127041803,1.6731367924,1.6864290737,4.22E-06,17.5907380754,6.8,NiBiY,F-43m,,,,6.8,,10.55,,
2469_CdS, F-43m ,3.74253329088357,300,144.477,2,2,51.658,19.2209,51.3001199794,0.3344879787,3.5455359643,-3.57277,0.48107,4.5766768271,4.1093668894,2.0493292382,2.2993173834,182.9124147032,0.8274414682,-0.8226632485,0.8242590661,7.58E-07,6.1502016952,6.91,CdS,F-43m,,,,6.91,,,,
1752668_SbPtLa,,6.86213240521888,300,1822.92,12,3,78.3413,25.0875,68.0035026291,0.3553264101,3.4762299874,-0.98302,-0.64452,9.3581884995,3.4562735582,1.6373171028,1.8421816594,126.8732184706,2.4960103458,3.9840806697,3.5578956894,2.53E-05,8.9481345278,7.05,23 PtLaSb,F-43m,,,,7.05,,1.72,,
30560_CoNbSn, F-43m ,3.75746660489748,300,270.553,3,3,153.224,79.5227,203.3830741719,0.2787736971,12.0104576215,-10.5864,-4.15914,8.4686759253,5.5329303003,3.0643460072,3.4137588256,270.4877735272,1.4838333752,1.2206251192,1.3142314419,2.32E-06,30.0425480758,7.08,CoNbSn,F-43m,,,,7.08,,20.7,,
2712484_TeRhLa,,6.76192678757117,300,1477.62,12,3,86.6228,32.701,87.1378539423,0.3323423434,4.9210175615,-1.17506,-0.38322,7.9278025958,4.0529320643,2.0309727809,2.2780746257,159.2187018809,1.8348197332,1.6449592714,1.7105891249,4.37E-06,10.5390988961,7.69,47 RhLaTe,F-43m,,,,7.69,,2.84,,
2687991_CoSnV,,5.79690679298077,300,914.336,12,3,150.468,53.8715,144.3834734872,0.3400728909,6.1937761689,-2.61987,-0.8238,7.7860704074,5.3432723615,2.6303913689,2.953452565,240.785471507,1.4625053017,1.3227687491,1.3709310808,2.57E-06,17.6982382212,8.47,69 CoSnV,F-43m,,,,8.47,,19.79,,
10760_MgSe, Fm-3m ,3.4691160369079,300,103.265,2,2,61.7587,42.0135,102.7424584409,0.2227314844,11.3490790006,-4.66321,-2.95461,4.1071940077,5.3549704909,3.198319327,3.5396861643,303.7776822921,1.3580929314,1.3013729813,1.3205503503,2.35E-06,22.5377428769,8.51,MgSe,Fm-3m,,,,8.51,,,,
2687722_CoSnTa,,5.9516484381127,300,1434.36,12,3,162.1,85.2687,217.644014499,0.2762245378,12.7092431817,-2.27147,-1.08341,11.2862019276,4.943295917,2.7486593064,3.061120404,243.0746890543,1.2536279211,1.1726553601,1.2002533276,1.87E-06,27.8070601233,8.77,68 CoSnTa,F-43m,,,,8.77,,22.7,,
3161_SiAlLi, F-43m ,3.74110484292386,300,62.076,3,3,62.6289,54.9057,127.4675498598,0.1607861284,17.8579701639,-3.76988,-2.04007,1.9686686921,8.3065737265,5.2810757758,5.8065767037,462.0938841583,1.0841569475,0.8060744622,0.9082782914,9.56E-07,29.5175538978,9.26,SiAlLi,F-43m,,,,9.26,,20.91,,
1100392_BLiSi, F-43m ,3.15583867135878,300,45.906,3,3,116.208,132.253,287.6405185027,0.0874631143,40.5294353646,-10.9716,-10.4121,2.4253455289,10.9827166116,7.3844126294,8.0636432205,760.7228174734,1.1684662221,1.0705540504,1.1041565804,1.53E-06,88.8288365799,9.39,BLiSi,F-43m,,,,9.39,,62.12,,
252_BeTe, F-43m ,3.57445914193819,300,136.613,2,2,58.7382,41.0667,99.914978148,0.2164963115,11.5629184615,-3.77744,-0.77574,4.9671761895,4.7800373065,2.8753460531,3.1800378337,264.8694576647,0.8014614566,0.2646809434,0.5107029372,2.4E-07,13.9262986212,9.77,BeTe,F-43m,,,,9.77,,,,
961673_FeTeTi, F-43m ,3.7016306423381,300,231.327,3,3,117.198,74.2556,183.9228457164,0.238444277,14.5721330382,-27.7403,-4.45376,7.5734825473,5.3430042654,3.1312431371,3.4716211161,279.2217034368,3.7836981998,1.354395093,2.4484787252,1.03E-05,35.7024923805,11.02,FeTeTi,F-43m,,,,11.02,,26.22,,
31451_CoBiZr, F-43m ,3.91942966851738,300,359.137,3,3,140.394,63.5124,165.569973514,0.3034460477,8.9670358192,-5.05889,-3.20417,9.9046713911,4.7670061935,2.5322654312,2.8297222916,214.9467450127,1.0814085149,1.3521160884,1.2683164969,2.13E-06,20.5799561047,11.14,CoBiZr,F-43m,,,,11.14,,17.76,,
11869_PdHfSn, F-43m ,3.99624647887151,300,403.62,3,3,123.978,60.6409,156.419703274,0.2897211558,9.5624786443,-7.38916,-2.26976,10.5018165203,4.4163883438,2.4029824885,2.6806114397,199.7061929118,1.4559213682,1.0277094326,1.187726173,1.82E-06,18.4231553793,11.35,PdHfSn,F-43m,,,,11.35,,15.08,,
9437_FeNbSb, F-43m ,3.75131805519238,300,270.507,3,3,167.176,83.0428,213.7377853892,0.2869134072,11.7028457277,-11.4462,-4.41449,8.5089386841,5.7148701619,3.1240163272,3.4837320385,276.4844990384,1.47954962,1.2364707944,1.3224708098,2.36E-06,32.1075226591,11.63,FeNbSb,F-43m,,,,11.63,,29.07,,
2761660_RuTeZr,,6.31376849324188,300,1279.58,12,3,143.8,61.2852,160.9857690874,0.3134147322,8.1895717193,-1.91043,-0.66612,8.4334047124,5.1711233551,2.6957296333,3.0162405831,225.7739971017,1.3950509351,1.2011655571,1.2690895034,2.13E-06,21.5628344608,11.76,18 RuTeZr,F-43m,,,,11.76,,21.26,,
2774050_HfAuAl,,6.26217360646734,300,1609.75,12,3,127.911,60.3474,156.4398395709,0.2961605601,9.1412069001,-1.83572,-0.46418,10.8738811818,4.3775355446,2.3557922585,2.6300915386,198.4917026201,1.2797280178,0.7777707291,0.9742618426,1.13E-06,16.4479824069,12.14,88 AuAlHf,F-43m,,,,12.14,,16.7,,
1100408_RhSnTa, F-43m ,3.89277646014558,300,402.564,3,3,170.426,69.8174,184.2869551396,0.3197781294,8.4389671006,-10.3572,-2.82208,11.3319614052,4.8222624338,2.4821572554,2.7795673552,212.5825780851,1.4137642149,1.0255468732,1.1693619391,1.75E-06,21.4553189866,12.98,RhSnTa,F-43m,,,,12.98,,20.3,,
2786722_ScNiAs,,5.82621899126421,300,714.272,12,3,117.597,68.4341,171.9479767927,0.2563033399,12.576787837,-2.19021,-1.03259,5.9910738344,5.9041457654,3.3797450768,3.7549418569,304.5881537429,1.5222736672,1.3253915638,1.3941117498,2.67E-06,28.3164782726,13.32,33 NiAsSc,F-43m,,,,13.32,,17.48,,
2720984_IrSnTa,,6.21963942313419,300,1967.51,12,3,185.537,77.5286,204.1503396473,0.3166130928,9.1827335534,-2.76201,-0.71064,13.5650932953,4.6149685119,2.390669706,2.6760173088,203.3388237004,1.3779625515,0.9360230762,1.1031861722,1.53E-06,22.5597395202,13.42,90 IrSnTa,F-43m,,,,13.42,,22.09,,
2686085_GeCoTa,,5.81362236005598,300,1249.96,12,3,164.787,5.03771,14.960675529,0.4848686734,0.0870260654,-3.37325,-0.23678,10.5525428019,4.0314241963,0.6909363167,0.7902621294,64.2422804768,1.9465298793,4.450997133,3.8040210973,2.98E-05,0.6931374641,14.19,77 CoGeTa,F-43m,,,,14.19,,27.23,,
24864_CoO, F-43m ,3.46023008482522,300,149.866,4,4,186.295,16.6617,48.5380640937,0.4565759825,0.6151938467,-16.078,3.35322,6.0067109097,5.8917688995,1.665487164,1.8993829388,163.4246213691,0.9864633593,-4.3356261546,3.5855459028,2.58E-05,3.7871193762,14.46,CoO,F-43m,,,,14.46,,,,
2720123_SbIrHf,,6.32061776261189,300,1969.84,12,3,161.71,73.1931,190.7936565924,0.3033582168,9.7488401148,-2.36518,-0.63829,12.9405826185,4.4763600733,2.3782535618,2.6575894406,198.7123953787,1.3993352103,0.9343565712,1.1111830685,1.55E-06,21.4837981818,14.66,20 IrHfSb,F-43m,,,,14.66,,24.68,,
31454_RuSbTa, F-43m ,3.88947413716581,300,403.768,3,3,180.17,69.8949,185.6745861591,0.3282413034,7.9228845393,-11.1159,-2.86364,11.3948281747,4.8979701548,2.476674049,2.7765008078,212.5283393387,1.4405753825,1.0386900732,1.1878568333,1.82E-06,21.6200608723,15.58,RuSbTa,F-43m,,,,15.58,,20.92,,
1541_BeSe, F-43m ,3.26544912745295,300,87.973,2,2,74.7232,55.0957,132.67793418,0.2040679598,14.6133127015,-6.27199,-2.03282,4.1953595214,5.9431440994,3.623883777,4.0024570451,364.9166590119,0.8886681431,0.475695554,0.6435069512,4.18E-07,23.4998388957,15.6,BeSe,F-43m,,,,15.6,,,,
1093990_IrAsZr, F-43m ,3.87598656808568,300,358.366,3,3,155.64,62.4324,165.207163742,0.3230883623,7.7124572329,-12.0166,-3.16246,10.2194743338,4.8348001333,2.4716714236,2.7690206253,212.6933246534,1.8118316379,1.3081288386,1.4950068005,3.16E-06,21.013820359,16.04,IrAsZr,F-43m,,,,16.04,,17.4,,
2711933_AsRhZr,,6.09846776888021,300,1076.21,12,3,150.299,59.5222,157.7431731412,0.3250784845,7.3884437262,-2.15057,-0.60769,7.8711154811,5.4016490733,2.7499281408,3.0815550443,238.8063073642,1.2953613031,0.9911380591,1.1019180565,1.52E-06,19.590536911,16.73,15 RhAsZr,F-43m,,,,16.73,,27.11,,
2788357_NiGeZr,,6.02259995199954,300,890.096,12,3,115.677,11.0064,32.0041593286,0.4538886161,0.5189415844,-1.59864,0.05654,6.7590593508,4.3915320099,1.2760847425,1.4548274509,114.1626567849,1.1097010919,-0.7277567143,0.87382229,8.72E-07,1.5932878555,16.78,113 NiGeZr,F-43m,,,,16.78,,21.16,,
2720183_AsIrTi,,5.93163132036777,300,1260.09,12,3,173.338,62.1544,166.5557156397,0.339854585,6.7463274685,-2.92369,-0.46531,10.0156831181,5.0577598254,2.4911257527,2.7970011187,222.8512563153,1.2767836787,0.6145346401,0.8917178571,9.15E-07,16.658805608,16.92,8 IrAsTi,F-43m,,,,16.92,,30.07,,
2712495_AsRhTi,,5.88349307312023,300,902.832,12,3,158.497,55.4013,148.8596813608,0.3434674038,6.1218529516,-2.8134,-0.50304,7.3536450632,5.6212693855,2.7447869853,3.0832958665,247.6717943568,1.3601868993,0.7579427414,0.9998437877,1.2E-06,17.0128236387,17.74,14 RhAsTi,F-43m,,,,17.74,,33.05,,
1009548_PdN, Fm-3m ,2.78710052792667,300,120.421,2,2,201.692,48.7076,135.2364900753,0.3882483439,3.6836343273,-25.9341,-7.99328,9.2361903933,5.3729465473,2.2964232067,2.595405345,277.2442155237,1.3189057972,1.6097964726,1.5190349862,3.29E-06,16.9760929814,18.2,PdN,Fm-3m,,,,18.2,,,,
2686904_AsCoTi,,5.60014880556965,300,726.94,12,3,170.103,88.8769,227.0815215884,0.2775058625,12.9187800273,-4.74239,-1.29221,6.8659608853,6.4833827956,3.5978560775,4.0074798173,338.1959270822,1.8005635968,1.1101040257,1.3792136844,2.61E-06,37.7560598947,18.96,3 CoAsTi,F-43m,,,,18.96,,37.06,,
2720114_GeIrV,,5.83181094058653,300,1263.08,12,3,188.931,66.7309,179.1058253858,0.3420006727,6.9095390914,-3.79831,-0.35856,10.5638447294,5.1290577907,2.5133471957,2.8227594302,228.7531204311,1.3593540326,0.3661958483,0.8398496263,7.93E-07,17.3359632703,19.34,82 IrGeV,F-43m,,,,19.34,,29.99,,
505297_RuNbSb, F-43m ,3.89739032074932,300,315.73,3,3,172.54,66.6787,177.2084827195,0.3288237677,7.6730201677,-10.026,-2.75015,8.8561036548,5.4333636059,2.7439248731,3.0763408961,235.0014214859,1.3835980417,1.0541795706,1.1742987518,1.77E-06,22.7976789207,19.91,RuNbSb,F-43m,,,,19.91,,22.7,,
2719352_GeIrTa,,6.0130272502101,300,1783.11,12,3,202.335,80.777,213.8702796162,0.3238315338,8.9169608067,-3.36849,-0.61187,13.6050480273,4.7737227277,2.4366537512,2.7300555738,214.5729203885,1.3004329543,0.6567524793,0.9226363507,9.93E-07,21.6242031502,20.43,81 IrGeTa,F-43m,,,,20.43,,37.24,,
2719690_GeIrNb,,6.02168082188958,300,1430.96,12,3,192.294,77.3779,204.6797505447,0.3225982519,8.7763273844,-3.15065,-0.60205,10.8711567385,5.2133249999,2.667906412,2.9886718121,234.5616952691,1.2941199142,0.6827852925,0.932226343,1.02E-06,22.7959070011,20.88,80 IrGeNb,F-43m,,,,20.88,,33.02,,
2784752_AsFeTa,,5.68969102074666,300,1246.87,12,3,198.31,99.5442,255.8273478237,0.2849937406,13.172093586,-3.22327,-1.49701,11.2294009198,5.4294902383,2.9773485998,3.319385663,275.7183225397,1.2853520847,1.2183174504,1.2410647044,2.02E-06,34.1787100267,21.08,6 FeAsTa,F-43m,,,,21.08,,32.89,,
1986_ZnO, F-43m ,2.91698318560452,300,81.39,2,2,109.887,44.3975,117.3837053362,0.3219630085,6.3714312346,-23.4547,3.34257,5.445249947,5.5723953205,2.8554223086,3.1984675999,326.450969398,1.2276988569,-1.1009826462,1.144780919,1.67E-06,17.5072170437,22.38,ZnO,F-43m,,,,22.38,,,,
2784654_AsFeNb,,5.69822454193186,300,894.716,12,3,189.806,96.5156,247.5819807897,0.2826008479,13.1333648132,-3.76343,-1.45828,8.021729015,6.301098528,3.4686842153,3.8660218544,320.6426891788,1.4912288371,1.2310916522,1.3234974823,2.36E-06,39.6377487294,23.09,5 FeAsNb,F-43m,,,,23.09,,47.63,,
10044_BAs, F-43m ,3.03586580229083,300,85.733,2,2,131.342,125.419,285.4104682536,0.137827874,31.9981894108,-14.8762,-7.33929,5.0880205765,7.6603165256,4.9648626371,5.4466366652,534.1408187736,0.988919435,0.6520024911,0.7806356695,6.65E-07,72.1352015525,25.75,BAs,F-43m,,,,25.75,,,,
422_BeS, F-43m ,3.07231682568585,300,41.079,2,2,94.2002,66.8597,162.2037582165,0.2130158991,15.6513903844,-9.06823,-2.99915,2.3521792427,8.8287875405,5.331470435,5.8941707491,571.1716538675,0.8667478578,0.4837651331,0.6375236615,4.09E-07,39.4416000392,27.54,BeS,F-43m,,,,27.54,,,,
2114_YN, Fm-3m ,3.09022240171592,300,102.907,2,2,158.814,120.916,289.3212824069,0.1963730292,24.0297436482,-17.1711,-10.3388,5.7906092033,7.4342444344,4.5696165413,5.0428203931,485.8404792611,1.2605452427,1.0949446503,1.1527910888,1.69E-06,77.5149141996,28.51,YN,Fm-3m,,,,28.51,,,,
1009488_NiN, Fm-3m ,2.55555625568839,300,72.691,2,2,264.479,95.5838,255.9210881925,0.3387262705,8.7580361067,-15.0723,-17.8207,7.2322404203,7.3614698709,3.63542943,4.0811957085,475.4577253637,0.6601856747,1.3891800511,1.1965906504,1.85E-06,43.0773754653,30.3,NiN,Fm-3m,,,,30.3,,,,
1001916_HfN, F-43m ,3.0937090597582,300,192.491,2,2,204.015,82.5997,218.3334878385,0.3216360824,9.1838028874,-22.2776,-0.23297,10.794948368,5.3945698247,2.7661705306,3.0983610667,298.1690009842,0.8978595018,-0.124909604,0.5283169829,2.61E-07,24.5587086528,36.14,HfN,F-43m,,,,36.14,,,,
1009885_ZrN, F-43m ,3.14778545952026,300,105.225,2,2,193.73,71.4427,190.8659318465,0.3357973022,7.5632018447,-20.2489,0.11984,5.6021161358,7.1822918621,3.5711071045,4.0074256821,379.0271192997,0.9174298315,-0.1928261595,0.5525822265,2.9E-07,28.5669570296,41.65,ZrN,F-43m,,,,41.65,,,,
16730_MoN, Fm-3m ,2.73729678161733,300,109.941,2,2,344.176,31.6847,92.2240636339,0.4553406476,0.9268037038,-63.1398,-35.9773,8.9010772603,6.5888525163,1.8867028887,2.1513497775,233.9909559797,2.7819943258,11.4776667656,9.5081221629,0.000268,19.0527937766,45.92,MoN,Fm-3m,,,,45.92,,,,
343_PrN, Fm-3m ,3.13087428410593,300,154.908,2,2,131.601,68.7342,175.6264763385,0.2775770747,11.1105396218,-43.9232,-3.31552,8.3815725113,5.1609502594,2.8636747344,3.1897381418,303.3188038586,3.1562822302,0.5735275074,1.8814874541,5.49E-06,34.9949208446,58.21,PrN,Fm-3m,,,,58.21,,,,
1778_BeO, F-43m ,2.41128940488351,300,25.013,2,2,193.426,163.141,382.0206365374,0.1708296398,32.2742304664,-62.0336,-18.6352,2.9625542894,11.7776847229,7.4207602601,8.1674464535,1008.4326319159,1.3153542379,0.6340685991,0.9191015083,9.84E-07,120.0800746466,62.77,BeO,F-43m,,,,62.77,,,,
1018027_VN, P-6m2 ,2.58132576134807,300,64.942,2,2,347.305,253.005,610.7165799625,0.2069259105,35.1471133003,-71.491,-37.6998,6.2696855619,10.4498447934,6.3524560891,7.0182455635,809.4605294762,1.3627590065,1.1148031857,1.2031464853,1.88E-06,192.2436801683,101,VN,P-6m2,,,,101,,,,
1330_AlN, Fm-3m ,2.56318938422029,300,40.982,2,2,255.333,232.261,534.6653990113,0.1510012422,43.3514130776,-44.4764,-36.5213,4.0411001159,11.8244221854,7.5812067532,8.3275053572,967.2620696178,1.2218003209,1.1573151727,1.1792021091,1.79E-06,203.8970007178,107,AlN,Fm-3m,,,,107,,,,
1145_TiB2, P6/mmm ,2.95029203275761,300,69.502,3,3,261.322,252.517,572.9898389708,0.1345569585,48.8600769786,-31.0911,-25.358,4.4941838096,11.5353105757,7.4958328758,8.2206317176,829.5644229864,1.2268498732,1.1227384823,1.158482342,1.71E-06,166.2059020906,110,TiB2,P6/mmm,,,,110,,,,
585_MnB2, P6/mmm ,2.80416048160219,300,76.56,3,3,262.529,78.2193,213.458265997,0.3644859133,6.2138177523,-38.3107,-6.17376,5.7655650856,7.9763902226,3.6832909248,4.1493087792,440.5374391514,1.2321877609,0.7035239896,0.9143629268,9.72E-07,23.7071428308,117,MnB2,P6/mmm,,,,117,,,,
30148_B2C4N2, P2221 ,3.62005270417655,300,97.668,8,8,374.895,420.969,918.9459991014,0.0914651662,78.5442976083,-21.8318,-17.8282,3.4186619819,16.5482937667,11.0967800184,12.1217451582,996.9197238226,0.988761506,0.8378845093,0.8910200554,9.13E-07,167.9239221132,120,B2C4N2,P2221,,,,120,,,,
2694811_KGeBa,,8.01061091982516,300,996.14,12,3,17.0831,6.22177,16.6446191411,0.3376112538,1.7874996402,-0.10845,-0.00604,3.2145850771,2.8097845649,1.3912158411,1.5615711551,92.1282318811,1.0132037212,0.0828444532,0.5888712897,3.38E-07,1.0643996573,0.22,92 GeBaK,F-43m,,,,,,0.22,,
2729648_MnTeTi,,5.94061793765613,300,921.672,12,3,136.262,32.2659,89.7163000368,0.3902649552,2.8291558203,-2.08518,-0.76469,7.2926099711,4.9582486713,2.1034413071,2.3779569954,189.1772771734,1.6486577242,2.3176474002,2.1182580292,7.3E-06,10.5519943145,0.77,97 MnTeTi,F-43m,,,,,,0.77,,
2750457_NaBaSn,,8.00187456071846,300,1116.11,12,3,17.5157,4.09462,11.395861916,0.3915652632,0.8330185963,-0.10854,0.02253,3.6135431241,2.5215231881,1.0644865556,1.2036254522,71.0879876155,0.7086308644,-1.5762566653,1.3504724916,2.48E-06,0.7628033049,1,102 SnBaNa,F-43m,,,,,,1,,
2694592_YGeK,,7.19048382728156,300,802.456,12,3,29.6828,3.0162,8.7521517743,0.4508573328,0.2628160239,-0.26755,-0.13701,3.5805384916,3.0680972876,0.9178165707,1.0459913771,68.7490318849,2.3164217001,8.2771049168,6.8892849435,0.000124,0.8553029409,1.24,52 GeKY,F-43m,,,,,,1.24,,
961656_FeTeV, F-43m ,3.64982172144816,300,234.388,3,3,159.941,52.2497,141.3562909905,0.3526995465,5.46555278,-10.5896,-2.88182,8.005140651,5.3556024411,2.5548029982,2.8734450848,234.3911353661,1.3613449392,1.1741457055,1.2396903268,2.02E-06,16.0706585152,1.26,FeTeV,F-43m,,,,,,1.26,,
2695018_SrGeBa,,7.92561254043329,300,1190.23,12,3,22.696,7.62895,20.5808586162,0.3488657427,1.8335592855,-0.0809,0.1106,3.9658276898,2.8788516003,1.386964879,1.5591452623,92.9716071835,-0.6708087231,-3.7754339282,3.1068626746,1.83E-05,2.5151610854,1.35,41 GeBaSr,F-43m,,,,,,1.35,,
961695_CoLaTe, F-43m ,4.12540247067817,300,325.433,3,3,84.9865,31.008,82.9372307273,0.3373521467,4.5838141593,-4.32078,-4.29995,7.6968170709,4.0513384434,2.007156773,2.2528568476,162.5837755582,2.6271741575,4.7014236568,4.1275017809,3.62E-05,13.6174036177,1.42,CoLaTe,F-43m,,,,,,1.42,,
2757553_PbKLa,,7.84850337270675,300,1540.79,12,3,21.659,8.00303,21.3762400609,0.3355091797,2.1064182892,-0.06027,-0.78155,5.2866963058,2.4729122195,1.2303680386,1.380641862,83.1363176564,8.0755312964,23.4399025327,19.6983270627,0.00154,4.8184225767,1.5,120 PbKLa,F-43m,,,,,,1.5,,
2750764_MgBaSn,,7.70885583667002,300,1121.37,12,3,26.8463,8.0586,21.9768316106,0.3635638703,1.6585203289,-0.19259,-0.06538,4.0605103412,3.042651464,1.4087680363,1.5868091392,97.2817479749,1.5380238137,1.6916729829,1.642054832,3.96E-06,2.0460582359,1.61,95 SnBaMg,F-43m,,,,,,1.61,,
1752361_NaPtLi,,6.12923350246193,300,900.32,12,3,35.6292,12.7211,34.1044049896,0.3404660363,2.6537357948,-0.48869,-0.20264,6.4860435015,2.8475044374,1.4004654682,1.5725512415,121.2537657849,1.494644668,1.6672897679,1.6117974463,3.79E-06,2.5104006175,1.76,107 PtLiNa,F-43m,,,,,,1.76,,
2672659_NaKTe,,7.84633823835429,300,758.752,12,3,15.605,5.42642,14.5883009478,0.3441920223,1.5630843202,-0.11758,-0.03234,2.6055549187,2.9607387587,1.4431337605,1.6212697059,97.6528310636,1.5326978609,1.2727870063,1.3649342182,2.54E-06,1.3237223718,1.82,106 TeKNa,F-43m,,,,,,1.82,,
2805096_NaBiSr,,7.48881295125165,300,1278.36,12,3,21.4299,7.14849,19.2995207838,0.3499019222,1.7493735171,-0.30039,-0.23761,5.0491198872,2.4762882178,1.189869454,1.3377685914,84.4237440123,4.0195254144,6.8133965285,6.027750522,8.98E-05,2.4912044031,1.83,103 BiNaSr,F-43m,,,,,,1.83,,
2752431_KSnLa,,7.77006938481658,300,1186.83,12,3,24.3843,4.89768,13.7710505907,0.4058748827,0.7745404722,-0.84013,0.21454,4.1967711173,2.7140869207,1.0802830475,1.2238855878,74.4410551034,4.0372274411,-10.4412108794,8.8381177232,0.000225,1.9169856816,1.88,93 SnKLa,F-43m,,,,,,1.88,,
1100443_SeKNa, F-43m ,4.43376230922932,300,141.048,3,3,19.391,7.70298,20.4067759845,0.3246026852,2.2419395377,-0.7947,-0.54202,2.6871892843,3.3223734711,1.6930908226,1.8971504242,127.3911601256,2.0627448381,2.8998389714,2.6503489322,1.25E-05,2.5559382768,1.9,SeKNa,F-43m,,,,,,1.9,,
961652_FeSbZr, F-43m ,3.86307467980343,300,268.821,3,3,113.873,38.8062,104.5430368793,0.346988843,4.8254649466,-18.8284,-2.31889,7.7430565102,4.6248014826,2.238691985,2.5159725934,193.9021991661,3.6485241579,1.5557901637,2.4598573534,1.04E-05,14.5271855834,1.97,FeSbZr,F-43m,,,,,,1.97,,
961664_PdSnV, F-43m ,3.85927375886574,300,276.071,3,3,123.802,27.3116,76.3223803735,0.3972520902,2.3622609404,-8.4902,-0.72071,7.9754018931,4.4820700694,1.8505349129,2.0940526877,161.5444160207,1.5286912793,0.5917365539,1.0061811179,1.22E-06,6.0276917043,2.05,PdSnV,F-43m,,,,,,2.05,,
961774_SbBaNa, F-43m ,4.75778961940404,300,282.067,3,3,24.7125,10.2838,27.0932296411,0.3172771564,2.8031548132,-0.78506,-0.4797,4.3489571074,2.9724190998,1.537744735,1.7214364459,107.719838018,1.8299363712,2.3452302003,2.1869976762,7.88E-06,3.0708480566,2.12,SbBaNa,F-43m,,,,,,2.12,,
962072_SnKY, F-43m ,4.7551375622105,300,246.714,3,3,26.5601,6.53188,18.1109731118,0.3863522532,1.1616445962,-0.70504,-0.24469,3.8102466248,3.0424378292,1.3093102122,1.4793900354,92.6252805632,1.4053058851,1.8472304656,1.7126398158,4.38E-06,1.5477053627,2.26,SnKY,F-43m,,,,,,2.26,,
2750278_ScBaSn,,7.67324157673641,300,1203.97,12,3,32.9769,4.45135,12.7790609137,0.4354140782,0.4600738054,-0.22826,-0.23748,4.4205927919,2.9668917917,1.0034728254,1.1413763983,70.298589763,2.9966269203,11.8848558153,9.8569665449,0.000292,1.6893693335,2.3,27 SnBaSc,F-43m,,,,,,2.3,,
2694166_NaGeBa,,7.64037835173873,300,931.708,12,3,20.0963,7.38516,19.7376885349,0.3363074419,1.9968975877,-0.14328,-0.02464,3.4652668823,2.9395484082,1.4598613488,1.6383384542,101.3410397694,1.1451049621,0.5773718105,0.811989694,7.31E-07,1.437152978,2.44,105 GeBaNa,F-43m,,,,,,2.44,,
2726756_SbPdLa,,6.84943785679418,300,1468.28,12,3,77.2701,31.9807,84.3105601921,0.3181475107,5.4092237984,-0.85149,-0.36113,7.5795871955,3.9774689319,2.0540982188,2.2997309229,158.6787210819,1.6194289784,1.6476387457,1.6382894625,3.94E-06,10.320628138,2.48,22 PdLaSb,F-43m,,,,,,2.48,,
2774159_AuSnLa,,6.99359959178546,300,1818.3,12,3,67.2548,24.4543,65.4323515287,0.3378496119,3.973353366,-1.32841,-0.4405,8.8178906118,3.3652287233,1.6653106688,1.86928834,126.3200036537,3.1144051578,2.9141295532,2.9823828054,1.66E-05,8.3662563516,2.61,62 AuLaSn,F-43m,,,,,,2.61,,
1100395_BaBrCl, F-43m ,4.8004050584099,300,252.684,3,3,26.1574,7.95243,21.6620427804,0.3619763255,1.6704042641,-0.83322,-0.2303,3.7930855432,3.1131153532,1.4479501455,1.6305908745,101.1293126255,1.5490068236,1.4350944303,1.4740436659,3.06E-06,1.9614087263,2.79,BaBrCl,F-43m,,,,,,2.79,,
1100429_SbKSr, F-43m ,4.95560701914182,300,248.468,3,3,19.4722,3.38294,9.5932681443,0.4178891946,0.5264121547,-0.49726,-0.16989,3.3902243134,2.6597180774,0.9989251109,1.1335620061,68.1017628925,1.6697343159,2.8891979068,2.5483943817,1.14E-05,0.7568704706,2.81,SbKSr,F-43m,,,,,,2.81,,
1766119_NaAsBa,,7.1904193559839,300,940.956,12,3,28.4757,4.48769,12.7911217631,0.4251342855,0.5541087874,-0.27114,-0.17862,4.1986349449,2.8648315012,1.0338496059,1.174335023,77.185263276,2.5805951939,7.231768965,6.0897847877,9.2E-05,1.3509948503,2.91,100 AsBaNa,F-43m,,,,,,2.91,,
1100434_SiBaSr, F-43m ,4.76616835603453,300,253.032,3,3,24.5333,7.79512,21.1457673635,0.3563464939,1.7384593273,-0.80307,-0.58851,3.8807517286,3.0000011929,1.4172728669,1.594825199,99.6216298687,2.2942762957,3.920376105,3.4642171472,2.38E-05,2.623698308,2.92,SiBaSr,F-43m,,,,,,2.92,,
1100433_SiCaZn, F-43m ,4.00208224920481,300,133.553,3,3,58.5858,24.1912,63.7931310579,0.3185193595,4.5817531494,-2.69015,-2.22838,3.4597456078,5.124107501,2.6442750222,2.9606251562,220.2456541426,1.8307347872,2.7856291682,2.5080569894,1.09E-05,11.0425508834,3.1,SiCaZn,F-43m,,,,,,3.1,,
1766664_SrAsK,,7.46137175980813,300,806.56,12,3,22.9461,2.96139,8.51774095,0.4381322538,0.3439342224,-0.17768,-0.06351,3.2209360522,2.8896261241,0.9588634213,1.0910207085,69.1052291232,1.8594210862,4.2875624116,3.6616858432,2.71E-05,0.7036849422,3.35,40 AsKSr,F-43m,,,,,,3.35,,
1764103_YSiAg,,6.49822436705789,300,899.436,12,3,70.2877,28.1032,74.394521804,0.3235952099,4.8166774035,-0.7985,-0.23855,5.4373541266,4.4517649716,2.2734430399,2.547113615,185.2465853084,1.2549637116,0.9979359409,1.0903648016,1.48E-06,8.1091594551,3.67,57 SiAgY,F-43m,,,,,,3.67,,
4076_CoSbV, F-43m ,3.652821987264,300,231.624,3,3,145.623,48.1592,130.1321956835,0.3510626805,5.2863149566,-4.21201,-2.15173,7.8912641419,5.1566297549,2.4703946702,2.7778956996,226.4109149529,0.6557096983,0.9221732663,0.8427657394,7.99E-07,12.2762446003,3.73,CoSbV,F-43m,,,,,,3.73,,
961657_NiPY, F-43m ,3.75959026771107,300,178.57,3,3,114.249,39.5938,106.4808372682,0.3446655445,4.9794157495,-11.0569,-4.13063,5.5800166742,5.4713367507,2.6637646066,2.9927612395,236.9962566477,2.4681175345,2.6052531566,2.5603575391,1.15E-05,17.4247345947,3.78,NiPY,F-43m,,,,,,3.78,,
1766995_NaAsSr,,6.92845492215106,300,742.128,12,3,31.3608,7.02096,19.6002022219,0.3958349159,1.0856326738,-0.30285,-0.23111,3.701443206,3.3168774927,1.3772497568,1.5581833161,106.2866577392,2.3284340424,5.3072909474,4.5371165399,4.54E-05,2.383263777,3.79,101 AsNaSr,F-43m,,,,,,3.79,,
962075_SnMgSr, F-43m ,4.7954818596137,300,230.635,3,3,19.7529,4.74812,13.1876924355,0.3887277949,0.9385068421,-0.94771,-0.40641,3.4727778674,2.7406041926,1.1692902832,1.3216127419,82.0506256925,2.9822695896,4.5529797197,4.0968760685,3.55E-05,1.4376212423,4.23,SnMgSr,F-43m,,,,,,4.23,,
1100393_SeAgLi, F-43m ,3.82403965809142,300,193.838,3,3,50.3701,2.02893,6.0061465827,0.4801266142,0.0705897268,-3.42345,-3.44038,5.7559936421,3.0365905747,0.5937086537,0.6787822503,52.8467181543,4.0533162557,47.2440497208,38.6455251429,0.0077,0.6267437896,4.34,SeAgLi,F-43m,,,,,,4.34,,
2715332_YInCd,,6.98684604570884,300,1264.55,12,3,48.7393,22.3803,58.2283879787,0.3008848849,4.9570795732,-0.48887,-0.07414,6.1502666355,3.5744416426,1.9075941403,2.1309792344,144.1433596745,1.1088204967,0.3982705728,0.7180347699,5.44E-07,4.8864275983,4.39,53 InCdY,F-43m,,,,,,4.39,,
1100411_SnCaCd, F-43m ,4.40800882955358,300,271.199,3,3,53.9649,22.3331,58.877278965,0.3181618084,4.3839460254,-0.75927,-1.18933,5.2578629856,3.9908736917,2.0609614714,2.307419181,155.8453954521,1.0325647946,2.1139418136,1.8260786801,5.11E-06,7.7071927844,4.49,SnCaCd,F-43m,,,,,,4.49,,
1759138_YTlCd,,7.00611710186031,300,1622.79,12,3,50.0303,23.6832,61.3664430352,0.295569075,5.3097018063,-0.64473,-0.13932,7.8276537482,3.2288680518,1.7394197141,1.9418063452,130.986072469,1.5831976908,0.8448551716,1.1451456167,1.67E-06,5.6870984679,4.58,59 TlCdY,F-43m,,,,,,4.58,,
2780442_SrAlGa,,6.91112118206421,300,737.296,12,3,34.4839,8.86356,24.4922288401,0.3816248122,1.4624169299,-0.63127,-0.2747,3.7050819058,3.5350932558,1.5466968032,1.7464789616,119.4294539563,3.3891948069,4.9485731467,4.4893724066,4.43E-05,3.3366312333,4.8,39 GaAlSr,F-43m,,,,,,4.8,,
962068_SnCaMg, F-43m ,4.4191315697936,300,183.093,3,3,34.4837,19.2462,48.6817695455,0.2647112039,5.7022630394,-0.86692,-0.85069,3.5229744469,4.1318647882,2.337317715,2.5993929746,175.1237068958,1.2690337012,1.7405811797,1.5989259125,3.72E-06,7.0186180387,5.15,SnCaMg,F-43m,,,,,,5.15,,
2812671_SbLiCd,,6.73837046430225,300,964.684,12,3,37.155,20.9753,52.9599785224,0.2624367356,6.0772577009,-0.57431,-0.20701,5.2302431925,3.5286058178,2.0025950995,2.2265327704,156.1603608184,1.8308507678,1.343127701,1.5231544654,3.31E-06,6.1756164263,5.19,21 SbCdLi,F-43m,,,,,,5.19,,
1100409_SbCaLi, F-43m ,4.2195985033145,300,168.838,3,3,36.5341,25.1644,61.3966829666,0.2199115212,8.5320481942,-1.46848,-1.18917,3.7316882778,4.3337606333,2.5968126063,2.87307598,202.71501332,1.4702362226,1.6085066357,1.5637755321,3.52E-06,9.5004839024,5.25,SbCaLi,F-43m,,,,,,5.25,,
961723_RhCaLi, F-43m ,3.91617216230546,300,149.994,3,3,43.2424,7.70781,21.8265915526,0.415875038,0.8781717209,-2.21522,-0.73496,4.1470293327,3.5924223442,1.3633173029,1.5466465341,117.5815631065,1.6261544706,2.6967729874,2.3937103315,9.79E-06,1.8124054525,5.25,RhCaLi,F-43m,,,,,,5.25,,
961684_AsCaLi, F-43m ,4.20513355653513,300,122.01,3,3,37.8614,18.9498,48.7210347494,0.2855289963,4.974346342,-1.43604,-0.3596,2.7246115553,4.813467348,2.6372422106,2.9404029602,208.1790345771,0.9614977532,0.5388778773,0.7083447049,5.27E-07,5.3983731226,5.41,AsCaLi,F-43m,,,,,,5.41,,
4964_PtSbY, F-43m ,4.16612970858299,300,405.736,3,3,92.2758,46.3256,119.0537801113,0.2849674922,8.4215725671,-7.28209,-4.13075,9.3173783232,4.0660666659,2.2297884497,2.4859379073,177.6509041733,2.8351760123,3.0571937097,2.9850231589,1.66E-05,19.6484111679,5.44,PtSbY,F-43m,,,,,,5.44,,
2779284_YGaCd,,6.67590663198398,300,1084.16,12,3,57.2259,29.4389,75.3891420578,0.2804340865,6.646668004,-0.66767,-0.11803,6.0445514334,3.9951361307,2.2068801607,2.4590216839,174.079928914,1.1055183737,0.429779972,0.7283754808,5.63E-07,7.0912700743,5.48,50 GaCdY,F-43m,,,,,,5.48,,
2788400_YNiAs,,6.10410902939335,300,890.072,12,3,95.4874,48.2367,123.854525988,0.2838204727,8.6860187877,-1.13065,-0.79107,6.4917195889,4.9614953424,2.7258937156,3.0386024767,235.2600590085,1.3885283247,1.6983133257,1.6017227406,3.73E-06,18.0076513379,5.62,56 NiAsY,F-43m,,,,,,5.62,,
962066_TeLiNa, F-43m ,4.35628193532767,300,157.6,3,3,22.8497,8.78234,23.3548542311,0.3296487173,2.3290337943,-0.81472,-0.11201,3.1656057322,3.3041155714,1.6656230082,1.8676098039,127.6380317255,0.9864087841,0.3605200911,0.6410802762,4.14E-07,1.5997657374,5.68,TeLiNa,F-43m,,,,,,5.68,,
1100420_SbCaNa, F-43m ,4.46925544839462,300,184.818,3,3,29.3422,9.51882,25.769821708,0.3536248037,2.0020592871,-1.06991,-0.73621,3.4378528177,3.4966850241,1.6639792926,1.8717492428,124.6873573287,2.0118038839,3.2855189351,2.9232758003,1.58E-05,3.2920377298,5.92,SbCaNa,F-43m,,,,,,5.92,,
1765084_ScSiAg,,6.17800042136865,300,723.636,12,3,93.8084,27.9932,76.3819337374,0.3642944311,3.4125921947,-0.24859,-0.22166,5.0907037374,5.0753562869,2.3449703827,2.6415921612,202.0758572954,0.3225608815,0.7669069869,0.6532835463,4.34E-07,6.5597055031,6.11,34 SiAgSc,F-43m,,,,,,6.11,,
962078_SiCaCd, F-43m ,4.20041568070235,300,180.574,3,3,55.0899,16.5213,45.0594962558,0.363678895,2.5214094477,-2.22423,-0.95542,4.0460100141,4.3658141792,2.0207315955,2.2761487284,161.3311753772,1.5141660296,1.976208779,1.8351658455,5.17E-06,5.4356118619,6.12,SiCaCd,F-43m,,,,,,6.12,,
2695692_ScGeAg,,6.30052905609923,300,901.736,12,3,77.0593,36.1836,93.8599835329,0.2969962018,6.7395800937,-1.231,-0.26764,5.980669616,4.5772826886,2.4596934293,2.7463798291,206.0061464843,1.4180300719,0.7583302988,1.026472758,1.28E-06,10.5819955987,6.19,29 GeAgSc,F-43m,,,,,,6.19,,
2744251_NaTiSb,,6.6984922723045,300,770.48,12,3,47.4736,9.59493,26.9679514063,0.4053229886,1.1562835281,-0.51638,-0.01965,4.252375893,3.7646394291,1.502121567,1.7016709467,120.0591100282,1.1862982872,0.1411002477,0.6945315414,5.02E-07,1.627544193,6.63,109 SbNaTi,F-43m,,,,,,6.63,,
2757090_PbCaMg,,7.17193291192915,300,1086.33,12,3,41.5017,11.9224,32.6415041888,0.3689149915,1.9811218205,1.44704,-0.14196,4.884887627,3.4278512995,1.5622644684,1.7609890542,116.042488746,-4.208495457,2.0295792234,2.941077901,1.6E-05,3.951619427,6.71,117 PbCaMg,F-43m,,,,,,6.71,,
1100440_SnNaSc, F-43m ,4.40079186849807,300,186.656,3,3,33.8014,8.66744,23.9548030514,0.3818845617,1.4393779365,-1.41544,-0.25007,3.6366207671,3.5316517929,1.543819118,1.7432917363,117.9367551289,1.4764387372,1.0628466671,1.2164370679,1.93E-06,1.9508956424,6.91,SnNaSc,F-43m,,,,,,6.91,,
962059_SiMgSr, F-43m ,4.55279384023712,300,140.01,3,3,24.8963,10.4755,27.5609376201,0.3154950895,2.8705094141,-0.83261,-0.42671,2.4636195894,3.9717771749,2.0620564788,2.3078469072,150.9172711309,1.5349871841,1.7553715511,1.6851156459,4.22E-06,3.6139508123,6.95,SiMgSr,F-43m,,,,,,6.95,,
1765073_CaSiMg,,6.62769203518446,300,369.872,12,3,41.4716,16.8278,44.4687517386,0.3212883365,3.630275251,-5.09599,-0.13804,2.107492098,5.5067695335,2.8257302016,3.1649296959,225.6827387371,11.8597070304,1.0274164933,6.8984012677,0.000124,12.8611322869,7.47,67 SiCaMg,F-43m,,,,,,7.47,,
1750651_PbPtTi,,6.329116922699,300,1800.64,12,3,122.685,42.5268,114.3660145725,0.3446346136,5.1933432247,-1.93851,-0.32228,11.7814568426,3.9020826983,1.8999048615,2.1345497467,159.3895183432,1.5068454404,0.7939940038,1.0849633077,1.47E-06,10.0518691754,7.77,124 PtPbTi,F-43m,,,,,,7.77,,
1100391_BeNaSb, F-43m ,3.92571220526984,300,153.753,3,3,47.2759,33.9207,82.1212858278,0.2104892562,10.6577899789,-2.54025,-2.49543,4.2200419864,4.6818845108,2.8351367861,3.1334987105,237.6407939541,1.7520885426,2.0587224762,1.9618435827,6.07E-06,14.1986223817,8.22,BeNaSb,F-43m,,,,,,8.22,,
2772125_LaAlHg,,6.95067364034398,300,1465.88,12,3,46.9806,11.2753,31.3202868312,0.3888892904,1.5537105245,-0.52471,-0.42879,7.2413441371,2.9264185832,1.2478272321,1.4104119277,95.8993516823,2.8018502407,6.2184265016,5.3287903907,6.68E-05,3.6993214477,8.49,94 HgAlLa,F-43m,,,,,,8.49,,
2731933_TeMnHf,,6.1016030902691,300,1444.11,12,3,131.645,62.5295,161.9475702432,0.2949693364,9.40710479,-2.23251,-0.92181,10.5455655361,4.5154614076,2.4350480784,2.7181680298,210.5372486422,1.6618686267,1.507729895,1.5608017389,3.51E-06,20.7157374582,8.51,46 MnHfTe,F-43m,,,,,,8.51,,
1751130_GePtV,,5.89502597154157,300,1274.52,12,3,163.33,49.9501,135.9875817651,0.3612343295,4.9280389916,-3.01099,-0.46628,10.3202673065,4.7201138335,2.2000001373,2.4772526344,198.6008818138,1.4516384862,0.7895088045,1.057339838,1.38E-06,12.6880041671,8.54,85 PtGeV,F-43m,,,,,,8.54,,
2773467_AuZrGa,,6.29884920611197,300,1431.65,12,3,119.397,47.9653,126.9024174115,0.3228564964,6.6217819428,-1.76762,-0.39519,9.5028676941,4.3925223939,2.2466542479,2.5168569541,188.8399678956,1.3970808051,0.8628477208,1.0709570727,1.42E-06,13.1589185421,8.56,63 AuGaZr,F-43m,,,,,,8.56,,
2730961_AsMnTa,,5.74708106416286,300,1243.23,12,3,179.902,70.8575,187.9029022944,0.3259210549,8.129521974,-3.48686,-1.06038,10.8645307137,5.0253889984,2.5538031995,2.8620946522,235.3603306571,1.5285286729,1.2536581515,1.3515074824,2.48E-06,22.1542396857,8.59,13 MnAsTa,F-43m,,,,,,8.59,,
2774895_PbScAu,,6.68389985862396,300,1796.49,12,3,66.1922,4.95822,14.512305113,0.4634591762,0.2460270094,-0.81017,-0.37509,9.9801360197,2.7008899254,0.7048466927,0.8044720775,56.8823639295,2.5203911066,11.1278981167,9.2016774616,0.000248,1.131743135,8.72,126 AuPbSc,F-43m,,,,,,8.72,,
1839533_PLiCd,,5.94750501518431,300,601.58,12,3,53.192,9.13356,25.9172681837,0.4187933393,0.9283530154,-1.2713,-0.92178,4.7434070883,3.7123106315,1.3876337172,1.5748534975,125.1416678184,3.8567453377,10.4493514249,8.8176409355,0.000224,3.5302019301,8.73,16 PCdLi,F-43m,,,,,,8.73,,
2695005_ScNaGe,,6.59987756124254,300,562.224,12,3,40.6512,8.12168,22.8437282022,0.4063425426,1.0347672174,-0.43368,-0.09841,3.2441670137,3.9835302274,1.5822362671,1.7926782219,128.3698578183,1.4105982807,1.5750238949,1.5221900942,3.3E-06,1.9577280486,8.91,31 GeNaSc,F-43m,,,,,,8.91,,
1758922_YMgTl,,6.97877927108883,300,1270.36,12,3,37.6785,4.69412,13.5208675929,0.4401919415,0.4320938422,-0.39815,-0.1312,6.1999742102,2.6620847225,0.8701260129,0.9903151418,67.0641698911,2.0499599347,4.583272406,3.9249249517,3.21E-05,0.9741497921,8.92,54 TlMgY,F-43m,,,,,,8.92,,
2693883_NaGeAl,,6.37636136503668,300,490.324,12,3,34.8099,30.0259,69.9620334719,0.1650280836,12.3095814855,-1.03631,-0.74908,3.1373707688,4.8842381259,3.0936066598,3.4028889854,252.2153158687,3.3579465255,3.0671912693,3.1670769611,1.92E-05,16.7708733413,8.95,104 GeAlNa,F-43m,,,,,,8.95,,
1750365_VPtIn,,6.14180723255003,300,1443.36,12,3,140.172,40.0194,109.6254360277,0.3696536683,3.9941205225,-2.15339,-0.38069,10.3344550496,4.3274464703,1.9678477576,2.2183875592,170.7016959375,1.4260870447,0.9352771306,1.1229738615,1.59E-06,9.7378627733,9.17,48 PtInV,F-43m,,,,,,9.17,,
961685_AsCaNa, F-43m ,4.38160363289177,300,137.99,3,3,34.244,22.158,54.6801742974,0.2338698054,7.3616009779,-1.26333,-0.36804,2.7239359959,4.8391718302,2.8521136664,3.1604961253,214.7494730301,0.9899042087,0.5319416193,0.7178286971,5.44E-07,7.0204375864,9.19,AsCaNa,F-43m,,,,,,9.19,,
1759721_ScTlCd,,6.75287486136973,300,1446.99,12,3,52.698,19.535,52.1598324035,0.3350353827,3.5637596327,-0.61955,-0.16916,7.7947265472,3.1784115665,1.5830924066,1.7763353898,124.3176702816,1.4857567834,1.1666102824,1.2818518273,2.19E-06,4.3713844554,9.32,36 TlCdSc,F-43m,,,,,,9.32,,
570213_BiLiMg, F-43m ,4.31138142241346,300,240.295,3,3,32.2969,21.5458,52.8786559226,0.2271221287,7.5052164133,-1.2205,-0.47299,4.9790208424,3.5009073475,2.0802203469,2.3033824121,159.0594707019,1.0488377946,0.7129808424,0.8399889052,7.93E-07,5.2050852025,9.43,BiLiMg,F-43m,,,,,,9.43,,
1750444_PbHfPt,,6.46019060932148,300,2323.08,12,3,129.232,55.8066,146.3531144593,0.3112527412,7.8733613493,-1.65541,-0.52034,14.2932052138,3.7745708591,1.9759591751,2.2102763866,161.6954681825,1.3884414288,1.0902533697,1.1979252093,1.86E-06,14.3782551603,9.55,119 PtHfPb,F-43m,,,,,,9.55,,
1758909_ScMgTl,,6.78010331577697,300,1094.56,12,3,46.274,29.6041,73.2018440764,0.2363463857,8.6061354093,-0.55843,-0.12715,5.8254851233,3.8365531905,2.2542905087,2.4987398429,174.1731981539,1.1563761512,0.502668189,0.7836998617,6.71E-07,7.4991467375,9.81,30 TlMgSc,F-43m,,,,,,9.81,,
2724736_PbPdTi,,6.30455704556488,300,1446,12,3,106.963,37.3007,100.2489824998,0.3437949221,4.8438425317,-1.65117,-0.3992,9.5720733183,4.0460169911,1.9740378829,2.2175890802,166.2352389621,1.5792074189,1.1742669887,1.3230900692,2.36E-06,9.8754946009,9.86,123 PdPbTi,F-43m,,,,,,9.86,,
961712_PtTaTl, F-43m ,3.98200247707532,300,580.408,3,3,156.072,51.5356,139.2768727769,0.3512685675,5.4901995076,-11.6514,-1.90213,15.2643164321,3.8374795859,1.837447707,2.0662203543,154.4845464552,1.8259014846,0.9985520191,1.3326825705,2.4E-06,12.7955306933,9.88,PtTaTl,F-43m,,,,,,9.88,,
1100435_BCuZr, F-43m ,3.48757499100062,300,165.581,3,3,145.305,65.6226,171.1090594942,0.3037357518,9.1220094416,-23.0633,-3.61169,6.4816919239,5.9930648122,3.1818706755,3.5557656929,303.5425045981,2.3733101986,1.0006742327,1.595336865,3.7E-06,26.0621561625,9.92,BCuZr,F-43m,,,,,,9.92,,
962063_TlLaMg, F-43m ,4.52007491979089,300,367.585,3,3,33.1743,17.216,44.03124185,0.2787883902,4.9062879479,1.33421,-0.88563,6.6095125149,2.9141292418,1.6139178033,1.7979484244,118.4244915546,-0.2928378786,2.2086798279,1.8112874967,5.01E-06,4.6848854384,9.98,TlLaMg,F-43m,,,,,,9.98,,
1764412_ScNaSi,,6.58299879017113,300,384.124,12,3,48.8586,25.8756,65.979228417,0.274931372,6.3766371766,-0.54473,-0.14146,2.2335803306,6.1090896977,3.4036463273,3.7899665674,272.0872554929,1.088189931,0.6131357109,0.8033322529,7.12E-07,9.8380709003,10.05,32 SiNaSc,F-43m,,,,,,10.05,,
2724532_PbHfPd,,6.43444964983017,300,1968.44,12,3,112.945,49.8173,130.2952138364,0.3077305859,7.552275436,-1.75661,-0.4474,12.2571477374,3.8254088051,2.0160225362,2.2540710053,165.5589952681,1.5807942823,1.0295780114,1.2408293364,2.02E-06,13.2101549869,10.1,118 PdHfPb,F-43m,,,,,,10.1,,
961658_FeSeV, F-43m ,3.48538120209591,300,185.748,3,3,159.81,46.0685,126.0895375819,0.3685005761,4.386190787,-8.35658,-1.40898,7.2848705813,5.5108129435,2.5147285679,2.8344489421,242.1186737534,0.8127440679,0.4808062617,0.611801232,3.7E-07,10.1060723484,10.15,FeSeV,F-43m,,,,,,10.15,,
11520_NiSbY, F-43m ,4.00873092885469,300,269.346,3,3,119.204,57.217,147.9753281762,0.2931063161,9.0412035503,-5.30822,-2.65362,6.9428592008,5.3063610552,2.8707367076,3.203764003,237.9378555675,1.2908863605,1.3271743281,1.3151895922,2.33E-06,21.7260628922,10.81,NiSbY,F-43m,,,,,,10.81,,
2725249_ScAsPd,,6.14745747238103,300,905.192,12,3,102.237,23.2898,64.9383684627,0.3941375294,2.2344180399,-1.45842,-0.2374,6.4633186491,4.5412050146,1.8982573743,2.1471368391,165.0672008229,1.3801746273,1.0173874686,1.1510917317,1.69E-06,5.5820528792,10.85,26 PdAsSc,F-43m,,,,,,10.85,,
2894_AuScSn, F-43m ,4.0902405192495,300,360.632,3,3,91.7316,46.834,120.0682044264,0.2818487042,8.6440605216,-5.66473,-1.70635,8.7511729829,4.1973633613,2.3133827427,2.578141468,187.6583226847,1.5953506343,1.0799226755,1.2750960247,2.16E-06,14.3817415446,11.05,AuScSn,F-43m,,,,,,11.05,,
2730867_AsMnNb,,5.75685383096972,300,891.08,12,3,175.167,67.131,178.5800005619,0.3300859555,7.6285304402,-3.76804,-0.77516,7.7475171776,5.8448744523,2.9436101,3.3007660911,270.9730769207,1.5639363751,0.9348570437,1.1823440517,1.8E-06,23.0096056191,11.5,12 MnAsNb,F-43m,,,,,,11.5,,
961693_AuInZr, F-43m ,4.09839318356697,300,403.01,3,3,109.793,50.3493,131.0200115559,0.3011105572,7.9534606143,-6.09005,-1.51439,9.7212812722,4.2661226638,2.2758045637,2.5423810102,184.687264179,1.4109469833,0.8686069876,1.0800814147,1.45E-06,14.3648491693,11.58,AuInZr,F-43m,,,,,,11.58,,
2711763_PbRhTa,,6.26599635705443,300,1964.22,12,3,152.821,55.0598,147.4689015993,0.3391703348,6.3197604536,-2.2614,-0.61297,13.2440610578,4.1330286326,2.0389507121,2.2890965725,172.6515864817,1.50730787,1.202779639,1.3121654793,2.31E-06,14.8873844476,11.66,125 RhPbTa,F-43m,,,,,,11.66,,
1100424_SbLiMg, F-43m ,4.19056840525788,300,153.065,3,3,35.9128,11.1199,30.2387019037,0.3596660898,2.0763253234,-1.5126,-0.55151,3.4538672475,3.8328300061,1.7943105899,2.0200061863,143.5124893571,1.4634926627,1.6582427705,1.5959687701,3.7E-06,3.0598804826,11.68,SbLiMg,F-43m,,,,,,11.68,,
9124_AsLiZn, F-43m ,3.76618192350564,300,147.322,3,3,54.8071,40.6159,97.7108409401,0.202864407,12.2985110372,-3.25356,-1.83367,4.579438917,4.8778750016,2.9781180259,3.2888033016,259.9839499787,1.2302074796,1.0391991568,1.106538178,1.54E-06,13.5916819433,11.8,AsLiZn,F-43m,,,,,,11.8,,
2721250_IrSnV,,6.08012883498927,300,1447.48,12,3,165.019,50.9726,138.642717015,0.3599729758,5.0453503999,-2.94973,-0.50644,10.6825684872,4.670074154,2.1843918644,2.4592559148,191.1558260924,1.5819359546,0.9499383211,1.1982330035,1.86E-06,13.932714672,11.91,91 IrSnV,F-43m,,,,,,11.91,,
1100421_RhSnV, F-43m ,3.80709661855628,300,272.557,3,3,147.19,45.2034,123.0169849339,0.3607050015,4.6712989525,-10.1776,-1.75972,8.2020836157,5.0292861542,2.3475965072,2.6432595398,206.7073132648,1.4988699111,0.9073825155,1.1391951939,1.65E-06,12.9251644663,12.37,RhSnV,F-43m,,,,,,12.37,,
2730962_MnTeZr,,6.14224903197555,300,1095.05,12,3,129.307,61.4833,159.2151869884,0.2947840063,9.3261210016,-2.55468,-0.82177,7.8388643212,5.1916748487,2.8006059743,3.1261560308,240.5358569361,1.8351367746,1.3819551713,1.5478293588,3.44E-06,23.5028412152,12.52,99 MnTeZr,F-43m,,,,,,12.52,,
569779_PdSbSc, F-43m ,4.00707082682041,300,273.126,3,3,98.4356,47.0832,121.8258926291,0.2937299571,8.0338128551,-5.83096,-1.79252,7.0490491055,4.782280342,2.5844475211,2.8844887754,214.3146044553,1.4738264261,1.0580879889,1.2126094066,1.91E-06,15.5779971209,12.75,PdSbSc,F-43m,,,,,,12.75,,
7173_PtSbSc, F-43m ,4.0147373029594,300,361.786,3,3,116.193,55.3793,143.3617852241,0.2943625617,8.797195276,-7.41194,-2.06203,9.2838668966,4.5242749813,2.4423577485,2.7261196606,202.1611568744,1.5634060451,1.0380611044,1.2381949462,2.01E-06,17.4982840588,12.89,PtSbSc,F-43m,,,,,,12.89,,
961665_GaMgSc, F-43m ,4.07785001424308,300,138.984,3,3,55.9048,36.3742,89.6739523199,0.232658757,9.9016382658,-2.50519,-0.60607,3.4034518466,5.5385771439,3.2691655971,3.6221424814,264.4503914879,0.9093185288,0.3982613139,0.6175446907,3.79E-07,11.5711099859,13.25,GaMgSc,F-43m,,,,,,13.25,,
2712075_PbNbRh,,6.281578842218,300,1612.06,12,3,144.214,52.0323,139.339088146,0.3389672198,6.124215542,-2.41665,-0.5498,10.7888763632,4.4494133794,2.1960812484,2.4654377494,185.4905643739,1.6608704628,1.1428413505,1.3379914547,2.42E-06,15.3083267995,13.27,121 RhNbPb,F-43m,,,,,,13.27,,
2772255_ScAlHg,,6.44546082089042,300,1090.11,12,3,63.7072,22.7275,60.9361858058,0.3405826819,3.7228677131,-0.85184,0.02627,6.7532039321,3.7310693886,1.8345134529,2.0599660369,151.043723636,0.9965971641,-0.3214201129,0.6324101215,4.01E-07,4.2497576616,13.42,25 HgAlSc,F-43m,,,,,,13.42,,
1751926_TaPtIn,,6.25902695597367,300,1963.39,12,3,162.953,67.4847,177.8963415455,0.318049436,8.3786176731,-2.49606,-0.60883,13.2827368429,4.3637375215,2.2540257678,2.5235340138,190.5456055025,1.4366868222,0.9393997158,1.1297511049,1.61E-06,18.8206552425,13.63,45 PtInTa,F-43m,,,,,,13.63,,
19991_AsMgLi,,6.20417685942294,300,424.948,12,3,45.5018,36.8526,87.0553231586,0.1811286471,12.8910452938,-0.61932,-0.25462,2.9517851302,5.6622857601,3.5333909825,3.8930435261,296.5525659633,1.0430628313,0.6583199313,0.8072071882,7.21E-07,13.3061087434,13.65,10 AsLiMg,F-43m,,,,,,13.65,,
961713_PtSnZr, F-43m ,4.03449336363436,300,405.014,3,3,140.022,64.6175,168.0082863663,0.3000215605,9.2713903825,-7.72313,-2.16129,10.2412169767,4.6994824928,2.5118823366,2.8057243431,207.0455627047,1.3728695543,0.931580049,1.0985526218,1.51E-06,20.1587368087,13.77,PtSnZr,F-43m,,,,,,13.77,,
2726005_TaPdIn,,6.23090706630781,300,1608.75,12,3,143.012,58.2976,153.9711346412,0.3205615209,7.550246493,-2.20953,-0.5244,11.0315413725,4.473263885,2.2988320267,2.5745389169,195.2741623732,1.4271633459,0.9213507131,1.1157313729,1.57E-06,16.4410479172,13.92,44 PdInTa,F-43m,,,,,,13.92,,
961682_PdSnTi, F-43m ,3.90614853069757,300,273.01,3,3,115.753,48.9219,128.6425221819,0.3147743872,7.1084608435,-9.06794,-1.76232,7.6064294826,4.8778395411,2.5360699966,2.8380966309,216.3158574877,1.7133384388,0.9068226295,1.2356082401,2E-06,15.7261539975,13.98,PdSnTi,F-43m,,,,,,13.98,,
1765032_SiLiIn,,6.33501955716577,300,599.66,12,3,45.3804,21.8919,56.5778220439,0.2922090372,5.1843167301,-2.0585,-0.59644,3.9125748612,4.365656653,2.3654316187,2.6395428571,196.9143445779,4.6981726745,3.2966897711,3.8213938719,3.01E-05,10.4541827182,14.27,37 SiInLi,F-43m,,,,,,14.27,,
30459_NiBiSc, F-43m ,3.93520610489114,300,312.626,3,3,87.4109,53.5513,133.4098813193,0.2456269159,11.5714993433,-4.34668,-2.59462,8.5186581821,4.3177443785,2.5072602358,2.7821153471,210.4832695462,1.3310359813,1.3096386966,1.3168097578,2.33E-06,17.144789271,14.34,NiBiSc,F-43m,,,,,,14.34,,
2719737_AsIrV,,5.84374376828336,300,1272.33,12,3,175.117,52.1657,142.3610918647,0.3645085934,4.9016987745,-0.86293,-0.50294,10.5761531682,4.8098066587,2.2208982087,2.5018987346,202.3369311428,0.4587205931,0.795332371,0.701315845,5.14E-07,11.2671498551,14.81,9 IrAsV,F-43m,,,,,,14.81,,
36111_PLiMg, F-43m ,3.63751914035976,300,62.289,3,3,56.2919,27.3953,70.7144784132,0.2906315757,5.9721371174,-3.67,-3.29806,2.1490377538,6.5719816482,3.5703928799,3.9833515209,326.0267831297,1.9249565095,2.7304658305,2.4910737221,1.08E-05,15.1427222805,14.83,PLiMg,F-43m,,,,,,14.83,,
1100405_RhScTe, F-43m ,3.96617307450344,300,275.462,3,3,108.02,47.0093,123.1616338889,0.3099709407,7.1864209835,-7.94261,-2.10266,7.3315408528,4.8252291613,2.5321781834,2.8319872348,212.5835044512,1.7971774466,1.2286418936,1.4432565699,2.91E-06,16.2718421791,14.87,RhScTe,F-43m,,,,,,14.87,,
30847_PtSnTi, F-43m ,3.9172585997363,300,361.67,3,3,138.806,57.3259,151.1673498669,0.3184908555,7.5913349349,-8.96598,-1.74368,9.9911230177,4.6414628269,2.3953461819,2.6819055634,203.8314392857,1.4099304246,0.747515272,1.0174251759,1.26E-06,16.1728869521,15.09,PtSnTi,F-43m,,,,,,15.09,,
31455_RuSbV, F-43m ,3.79833722265818,300,273.761,3,3,163.479,45.933,125.9983372728,0.3715448291,4.2492132942,-11.0338,-1.90386,8.2954427085,5.204799184,2.353112124,2.6533883754,207.9779222724,1.4881727223,0.969025842,1.1680011724,1.75E-06,13.3251499087,15.43,RuSbV,F-43m,,,,,,15.43,,
2721487_CrGeIr,,5.77560103187783,300,1267.3,12,3,195.077,60.6707,164.9153784471,0.3591023216,5.6314087458,-3.73472,-0.3337,10.9116226484,5.0290651775,2.3580056077,2.6544019141,217.2031367701,1.2922750937,0.3631660368,0.8028603154,7.11E-07,14.4831472086,15.57,73 IrCrGe,F-43m,,,,,,15.57,,
1100402_BHgY, F-43m ,3.85793046820419,300,300.307,3,3,91.4288,54.394,136.1766729163,0.2517618939,11.28378655,-5.59552,-3.10079,8.6846199013,4.3449599452,2.5026498485,2.7789898374,214.4581202954,1.5371367979,1.4699785681,1.4927004072,3.15E-06,17.9561618099,16.64,BHgY,F-43m,,,,,,16.64,,
2785994_PbNiHf,,6.19446262440826,300,1777.52,12,3,117.57,65.4144,165.5414969134,0.26532917,11.622239485,-1.75924,-0.74035,12.4052364042,4.0630391051,2.2963292547,2.5539979977,194.8558783247,1.4271319262,1.1784025497,1.2667505244,2.13E-06,18.8784440569,17.66,122 NiHfPb,F-43m,,,,,,17.66,,
1752827_NbAlPt,,6.06838430345821,300,1259.88,12,3,162.559,65.8847,174.1293852622,0.3214705786,8.0558992961,-2.57105,0.04784,9.3521488915,5.1744717859,2.6542179394,2.9728998455,231.5281483262,0.9521159863,-0.2477993485,0.5857570274,3.34E-07,16.1522492306,17.71,110 PtAlNb,F-43m,,,,,,17.71,,
961711_PtSiZr, F-43m ,3.85972131468082,300,314.389,3,3,160.507,64.544,170.7450107075,0.3227024255,7.8867687197,-9.04012,-2.3693,9.0792096746,5.2112544431,2.6662687059,2.9868778571,230.3941500164,1.2557804299,0.8886967288,1.0257595949,1.28E-06,20.0693898132,17.87,PtSiZr,F-43m,,,,,,17.87,,
961678_CoScTe, F-43m ,3.80893557385665,300,231.489,3,3,86.6788,67.7541,161.2481043463,0.1899508985,17.6589085859,-5.23051,-3.58036,6.9561353924,5.0445706752,3.1209281984,3.4417705691,269.0222634127,1.3948698907,1.2933976955,1.3280834825,2.38E-06,25.7434286822,17.89,CoScTe,F-43m,,,,,,17.89,,
2725330_GeHfPd,,6.12016973057969,300,1430.08,12,3,139.922,57.4466,151.5936261675,0.3194307946,7.5483541803,-2.20391,-0.58807,10.3483567652,4.5741538947,2.3561149151,2.638303454,203.731356005,1.4151223102,1.0066766365,1.1589315271,1.72E-06,16.5520539135,17.96,78 PdGeHf,F-43m,,,,,,17.96,,
1100417_RhSbV, F-43m ,3.81306674366071,300,275.597,3,3,150.131,38.019,105.1785672772,0.3832368984,3.3686885806,-10.3924,-0.87622,8.2546718307,4.932383305,2.1461023921,2.4238443924,189.2519053693,1.4290789362,0.4721933349,0.9107139501,9.63E-07,9.1854617196,18.02,RhSbV,F-43m,,,,,,18.02,,
569685_PLiZn, F-43m ,5.7542375819928,300,413.496,12,12,55.116,50.4627,115.9892422331,0.1492571962,17.8833260823,-1.06526,-0.60078,3.6037652517,5.8278954562,3.7420276753,4.1096920622,212.633371307,1.2858958376,0.9675038533,1.084074954,1.46E-06,7.9067004762,18.32,PLiZn,F-43m,,,,,,18.32,,
2678824_GaCuTi,,5.85387767359396,300,724.596,12,3,98.1623,8.45227,24.6493326393,0.4581486772,0.3956333711,-1.29798,0.30713,5.9919263038,4.2735513177,1.1876909555,1.3547372754,109.3724735013,0.6476644318,-3.8112661648,3.1342712483,1.87E-05,1.8477378026,18.7,75 CuGaTi,F-43m,,,,,,18.7,,
961651_FeSeZr, F-43m ,3.67812759189151,300,226.031,3,3,140.978,69.6608,179.4289390826,0.2878759581,10.4946428913,-30.7866,-4.77077,7.5428623598,5.5681254912,3.0389680725,3.3892964463,274.3422513433,3.785427065,1.5372580313,2.5203030621,1.11E-05,33.2603394812,18.89,FeSeZr,F-43m,,,,,,18.89,,
2758215_BeAsLi,,5.58960657239226,300,363.78,12,3,65.2377,47.9461,115.5344825549,0.204837125,13.4211151888,-1.07675,-0.79426,3.4553858906,6.1140015899,3.7250179139,4.1144984917,347.8822440802,1.2771737782,1.2798489665,1.2789578588,2.17E-06,19.9154627705,19.54,65 BeAsLi,F-43m,,,,,,19.54,,
2713812_CrGeRh,,5.73413395465578,300,910.048,12,3,176.453,52.9897,144.5040124704,0.3635103848,4.9937871204,-3.16009,-0.36617,8.0068603969,5.5553376281,2.5725546068,2.897654784,238.8225911881,1.2251526536,0.4847589104,0.8105515462,7.28E-07,13.7785223327,19.75,74 RhCrGe,F-43m,,,,,,19.75,,
1100401_BCdY, F-43m ,3.85815441494343,300,212.128,3,3,85.5399,55.3835,136.6572248773,0.233735904,12.5899837669,-4.9086,-2.52734,6.1334909556,5.0976412496,3.0049436637,3.32979998,256.9499121334,1.3247818349,1.1436977578,1.2070813329,1.89E-06,20.0398991665,20.17,BCdY,F-43m,,,,,,20.17,,
1751248_GeHfPt,,6.15942986796231,300,1784.72,12,3,151.981,64.0511,168.4845117702,0.3152351152,8.2945090888,-1.98464,-0.54301,12.6692237475,4.3286185483,2.2484761911,2.5164025704,193.0795161551,1.1665364966,0.8238750789,0.951901201,1.07E-06,16.3564010396,20.46,79 PtGeHf,F-43m,,,,,,20.46,,
1100415_RhSbZr, F-43m ,3.98137171475255,300,315.88,3,3,141.434,63.3674,165.4004611821,0.305091113,8.8543493897,-7.81452,-2.40274,8.3113677215,5.2136852288,2.7611925657,3.0861878014,230.7807371256,1.3722520171,1.0298233377,1.1552990684,1.7E-06,21.9234708703,21.1,RhSbZr,F-43m,,,,,,21.1,,
2730784_MnTeV,,5.8087857335637,300,933.916,12,3,162.322,47.1635,128.9969245717,0.3675503787,4.4881465749,-2.95967,-1.24708,7.9041141595,5.3378211629,2.4427353155,2.752945421,223.979793819,1.8448166228,2.4246134546,2.2480249984,8.42E-06,17.7691891194,21.62,98 MnTeV,F-43m,,,,,,21.62,,
2690071_RuTeHf,,6.27921258062478,300,1628.64,12,3,137.901,49.7336,133.1893479332,0.3390278196,5.9615156566,-2.23288,-2.11051,10.9121668556,4.3259911491,2.1348602428,2.3967271331,180.3889799111,2.8926711687,5.0865229858,4.4763444409,4.4E-05,23.0483092639,21.74,17 RuHfTe,F-43m,,,,,,21.74,,
1100422_RuTeV, F-43m ,3.80571623532485,300,279.611,3,3,160.451,43.2771,119.121426218,0.376263962,3.9121221788,-10.6631,-1.34129,8.423519624,5.0890251267,2.2666385955,2.5575320656,200.075825336,1.4063656277,0.6875022217,0.9871141252,1.17E-06,11.3501037319,21.91,RuTeV,F-43m,,,,,,21.91,,
1100412_RuTeTi, F-43m ,3.85860223044451,300,276.55,3,3,152.216,53.6485,144.0249750567,0.3423019754,6.0663155619,-10.1055,-2.0689,7.9934116279,5.2906964516,2.5906736202,2.9097224829,224.5078295685,1.4848361781,0.9410838296,1.1512335449,1.69E-06,17.1017892168,22.12,RuTeTi,F-43m,,,,,,22.12,,
2686901_CoWGa,,5.62406733507802,300,1250.02,12,3,200.332,98.9795,254.9501386063,0.2878936477,12.8873622703,-4.20804,-1.39339,11.6564655959,5.3393055782,2.9139975662,3.2499266518,273.0987070693,1.4569364201,1.0854620423,1.2219000808,1.95E-06,32.7093479665,22.18,70 CoGaW,F-43m,,,,,,22.18,,
2773484_AuGaTi,,6.08904240846008,300,1258.28,12,3,119.875,46.0187,122.3941724289,0.3298308343,6.1286848164,-2.08245,-0.36288,9.2455288242,4.4274440411,2.2310088575,2.5016189178,194.1640177309,1.4317309152,0.7234474478,1.0159733975,1.25E-06,11.8991829463,23.06,61 AuGaTi,F-43m,,,,,,23.06,,
961646_OsTeTi, F-43m ,3.88152559838378,300,365.68,3,3,165.984,61.4814,164.173891438,0.3351508866,6.9630223497,-10.7385,-2.29363,10.3834671311,4.8867364454,2.4333281367,2.7303984761,209.4274046949,1.4602732826,0.9241630997,1.1314523012,1.62E-06,18.3373581693,23.35,OsTeTi,F-43m,,,,,,23.35,,
1100413_BCuTi, F-43m ,3.30070385965745,300,122.237,3,3,149.409,87.6752,219.9938265064,0.2545955213,14.6810768021,0.26389,-4.98444,5.6445788973,6.8687445544,3.9411467723,4.3777834798,394.8731912593,0.2642192009,0.8555178416,0.7149902891,5.39E-07,29.0791084412,23.62,BCuTi,F-43m,,,,,,23.62,,
961696_CoMnSi, F-43m ,3.34894895370738,300,141.956,3,3,198.475,64.4553,174.4784486027,0.3534841092,6.1370985903,-19.8705,-2.55429,6.2759101593,6.7319083548,3.2047264004,3.6048106095,320.4674002998,1.370266325,0.5775633067,0.9210118616,9.89E-07,20.2674189492,24.3,CoMnSi,F-43m,,,,,,24.3,,
961688_PtGaV, F-43m ,3.69651485803141,300,315.744,3,3,141.095,18.1782,52.2890201516,0.4382342628,0.9922319,-10.962,-1.11092,10.3802134999,3.9909483259,1.3233426073,1.5057547901,121.2751246896,1.7340697245,1.3767361235,1.5053020203,3.22E-06,3.2822320667,25.17,PtGaV,F-43m,,,,,,25.17,,
2725749_GePdTi,,5.95305965086491,300,907.64,12,3,135.697,50.8471,135.6038957193,0.3334476865,6.3156778338,-2.45079,-0.41166,7.1366497628,5.3398331548,2.669229416,2.9944236847,237.7221291161,1.3882761698,0.6873437902,0.9784671167,1.14E-06,15.1709552807,25.62,84 PdGeTi,F-43m,,,,,,25.62,,
2762271_CrAsRu,,5.71439880728554,300,911.952,12,3,193.621,49.4782,136.783327918,0.3822585292,3.9718423199,-3.72602,-0.34102,8.1070303777,5.6586742815,2.4704498701,2.7897931262,230.726803701,1.335924531,0.4763875673,0.8638257118,8.48E-07,12.7273818788,25.7,72 RuAsCr,F-43m,,,,,,25.7,,
961649_FeTeZr, F-43m ,3.83540320895525,300,274.671,3,3,139.41,76.1765,193.3184389465,0.2688850167,12.4394729965,-12.597,-4.04768,8.0840366725,5.4597802232,3.0697030794,3.4156133182,265.135330673,1.9397775016,1.3322871157,1.5612724162,3.51E-06,31.4119588,25.71,FeTeZr,F-43m,,,,,,25.71,,
2712427_GeRhV,,5.78905983702646,300,905.828,12,3,170.569,59.4493,159.7844037881,0.343871196,6.3582033385,-3.09669,-0.42108,7.7450296553,5.6795622715,2.7705234482,3.1123745544,254.0858113229,1.2536998929,0.5204207406,0.8393328533,7.91E-07,16.9083294038,25.78,87 RhGeV,F-43m,,,,,,25.78,,
2788344_NiSiZr,,5.82395954818339,300,711.996,12,3,146.55,82.9916,209.4394530018,0.2618111532,13.6373973382,-2.38773,-1.06363,5.9789368169,6.5588562929,3.7256760219,4.1419855837,336.1141758497,1.2948460963,1.0991811432,1.1680503391,1.75E-06,35.3242011531,27.69,115 NiSiZr,F-43m,,,,,,27.69,,
1764227_YSiLi,,6.57005102099694,300,496.004,12,3,49.8562,22.2123,58.020349418,0.3060410092,4.7639830561,-0.50276,0.00539,2.9012183253,5.2338166536,2.7669834353,3.0930354237,222.4911537349,0.717566373,-0.2010756203,0.4456322511,1.73E-07,5.4766540716,27.87,58 SiLiY,F-43m,,,,,,27.87,,
2726485_SbZrPd,,6.51601573230863,300,1277.58,12,3,101.226,9.9724,28.9659935444,0.4523080474,0.5101897428,-1.31477,-0.27624,7.6602543747,3.8665521977,1.1409805712,1.3005506012,94.3282389112,1.8663117606,3.6651370315,3.1806487026,1.94E-05,2.3400405322,28.61,24 PdSbZr,F-43m,,,,,,28.61,,
961668_PtAlV, F-43m ,3.68427708436864,300,273.002,3,3,141.659,33.2195,92.433203559,0.3912491693,2.8452418645,-10.1315,-2.30071,9.0647853003,4.5291976832,1.9143343164,2.1644627064,174.9072272336,1.608223738,1.5651250084,1.5796219142,3.61E-06,8.6504654713,29.89,PtAlV,F-43m,,,,,,29.89,,
961653_FeSiW, F-43m ,3.48538120209591,300,267.782,3,3,234.434,124.176,316.6243543103,0.2749015684,15.9640103373,-21.6561,-6.91361,10.5021707582,6.1715115161,3.4385812869,3.8288527972,327.060666879,1.4673446681,1.0119920411,1.1834069683,1.8E-06,46.757170294,30.34,FeSiW,F-43m,,,,,,30.34,,
2785355_CrAsFe,,5.4401218254148,300,731.06,12,3,191.958,75.1144,199.3419390527,0.3269222616,8.3478174419,-4.38958,-1.14626,7.5323172873,6.2274364736,3.1578921844,3.5395735676,307.4956060238,1.4641991951,1.0617786115,1.2108711633,1.91E-06,26.3177523467,30.37,71 FeAsCr,F-43m,,,,,,30.37,,
2711672_GeRhTa,,5.96151291112078,300,1425.86,12,3,190.148,74.3218,197.2643006772,0.327095823,8.2851733433,-3.36157,-0.76845,11.1637185494,5.0901143601,2.5802017783,2.8921260484,229.2753285774,1.4397602509,0.9286479079,1.1251197645,1.6E-06,22.6420779564,31.57,86 RhGeTa,F-43m,,,,,,31.57,,
961659_PdSiTi, F-43m ,3.69382950089567,300,182.385,3,3,148.562,60.8217,160.5545987921,0.3198792437,7.7789451002,-11.1326,-2.27333,6.0090681467,6.1821116806,3.1814544727,3.5627007048,287.1523843693,1.3874966094,0.7752326226,1.0209665485,1.27E-06,21.5320885952,31.65,PdSiTi,F-43m,,,,,,31.65,,
961660_FeSeTi, F-43m ,3.53275375169734,300,182.687,3,3,134.783,76.6483,193.302520347,0.2609706957,13.0815390411,-15.5394,-5.26917,6.8804381211,5.8687886917,3.3376686291,3.7102500089,312.6797392422,1.9324261001,1.3488118586,1.5676795476,3.54E-06,31.6154980391,33.32,FeSeTi,F-43m,,,,,,33.32,,
2730034_MnTeTa,,5.96891328829712,300,1453.94,12,3,173.94,80.5513,209.3390539988,0.2994144973,10.5905850596,-3.19238,-1.18238,11.3412816245,4.9806498609,2.6650490676,2.9765798111,235.6778992139,1.6356813649,1.3941084592,1.4790233624,3.08E-06,28.0103698064,33.36,96 MnTaTe,F-43m,,,,,,33.36,,
2783854_AsMnFe,,5.44181077983111,300,742.828,12,3,184.655,30.7174,87.3108092068,0.421194652,1.8186421691,-4.40448,-0.49618,7.6464422945,5.4318896789,2.0042990419,2.2754545117,197.6156420655,1.6426257986,1.1348661291,1.3259036888,2.37E-06,7.3626030038,33.78,11 FeAsMn,F-43m,,,,,,33.78,,
961706_PtSiTi, F-43m ,3.70964127858768,300,271.045,3,3,165.445,71.9446,188.5090879965,0.3100989372,9.209521671,-12.4405,-2.38072,8.8164591973,5.4447972141,2.8566168935,3.1948919259,256.4095455162,1.3582438877,0.6779815488,0.9598861772,1.09E-06,22.3224679068,36.43,PtSiTi,F-43m,,,,,,36.43,,
1100438_SnLiSc, F-43m ,4.25303128611356,300,170.676,3,3,38.3202,2.21958,6.532612816,0.4715876012,0.1137954158,-1.35817,0.01819,3.68404793,3.3473822946,0.7761984399,0.8866866665,62.069969633,1.076297288,-0.4818967327,0.7354963798,5.76E-07,0.2055070171,36.48,SnLiSc,F-43m,,,,,,36.48,,
1100396_BLiSn, F-43m ,3.51449768794011,300,136.531,3,3,82.884,82.5803,185.9760363552,0.1260314891,26.3352505781,-6.46784,-4.67971,5.2226393122,6.078880227,3.9764288073,4.357406921,369.1261300303,1.2624941715,1.0633252993,1.1336097091,1.63E-06,33.9689710496,37.42,BLiSn,F-43m,,,,,,37.42,,
1100441_BCrCu, F-43m ,3.15449932322069,300,126.353,3,3,188.969,80.4627,211.3855554356,0.3135624049,9.5933780818,-27.1349,-7.37551,6.6840977158,6.657477236,3.4695720107,3.8821635867,366.3981951985,1.7918886161,1.2719953401,1.4659250894,3.02E-06,30.5842530875,38.57,BCrCu,F-43m,,,,,,38.57,,
2783746_AsFeV,,5.49299383381699,300,726.84,12,3,196.764,86.0118,225.2186551914,0.3092311473,10.2863890846,-5.11645,-1.32207,7.274664097,6.5431245186,3.4385278465,3.8452830621,330.8383146617,1.6637610817,1.1071113603,1.3190264169,2.34E-06,34.050828483,39.8,7 FeAsV,F-43m,,,,,,39.8,,
961710_PtSiV, F-43m ,3.65007193202832,300,274.106,3,3,177.044,43.0881,119.5646167517,0.3874435952,3.4599682613,-13.0084,-0.05882,9.3597192202,5.0053586088,2.1455925951,2.4246692857,197.7702763958,1.1903194601,-0.1334740149,0.6958187126,5.05E-07,8.9614922278,42.47,PtSiV,F-43m,,,,,,42.47,,
2786294_NiSiTi,,5.5693693275819,300,538.62,12,3,151.146,93.06,231.6400441356,0.2445736306,16.0810741713,-1.39753,-1.23404,5.172087686,7.2947731277,4.2417843409,4.7062089776,399.3574454449,0.7883009857,0.9787256071,0.9196423348,9.85E-07,38.9541097141,42.76,114 NiSiTi,F-43m,,,,,,42.76,,
1100394_BMgSc, F-43m ,3.65481942962366,300,80.072,3,3,87.0604,66.8542,159.6875841544,0.1942973228,17.160924772,-5.12211,-2.44691,2.7235255216,8.0433396043,4.9544862044,5.4663376301,445.2874550703,0.9949124685,0.7267562312,0.8258732871,7.61E-07,32.041439306,43.43,BMgSc,F-43m,,,,,,43.43,,
1100414_RhSiV, F-43m ,3.58538311904029,300,181.932,3,3,183.194,71.6522,190.16383538,0.3269923002,8.1161798587,-13.9595,-2.31595,6.5546715415,6.5210360069,3.3062774709,3.7059276654,307.7310377855,1.2427895286,0.578196265,0.8589038856,8.36E-07,23.945009107,45.69,RhSiV,F-43m,,,,,,45.69,,
2787200_NiAlTa,,5.86775476259429,300,1066.48,12,3,136.499,7.95585,23.4126803119,0.4714128793,0.241898667,-2.14199,-0.66189,8.7566564472,4.0987102572,0.95317828,1.0888391128,87.6977305427,1.9101977451,8.2373151015,6.8155600305,0.000121,1.9171806755,45.92,112 NiAlTa,F-43m,,,,,,45.92,,
2725726_AlPdTa,,6.02957619082453,300,1257.4,12,3,157.219,67.9593,178.2015085169,0.3110899356,8.8453683902,-2.43029,-0.53234,9.5151262186,5.1035325417,2.6724966632,2.9893494653,234.3076657861,1.2220520471,0.6918931728,0.9038516713,9.45E-07,19.7465159563,45.98,1 PdAlTa,F-43m,,,,,,45.98,,
2734800_BAuTi,,5.7022254570484,300,1022.63,12,3,153.88,20.0136,57.5459934526,0.4376722192,1.0613352805,-3.02923,0.05223,9.1492782326,4.4424559296,1.4790034612,1.6827501366,139.4671243061,1.3528365308,-0.4086012586,0.8493284909,8.14E-07,3.1242134856,51.47,64 BAuTi,F-43m,,,,,,51.47,,
2735816_GeBLi,,5.28587672115514,300,361.724,12,3,90.185,52.7047,132.3349626492,0.2554379652,10.8484690672,-1.9893,-1.24863,4.0628210493,6.2844424022,3.601727285,4.00115778,357.7381392385,1.5150200078,1.5827993648,1.5605333792,3.51E-06,22.0510643115,53.13,76 BGeLi,F-43m,,,,,,53.13,,
2756989_PbScLi,,6.82054054418231,300,1036.66,12,3,34.1794,1.39429,4.1267553643,0.4798769855,0.0575261514,-0.33499,-0.02025,5.4197769845,2.578649789,0.5072077118,0.5798733569,40.1800947338,1.4268507637,2.1374173116,1.9298539348,5.84E-06,0.1257843691,54.83,127 PbLiSc,F-43m,,,,,,54.83,,
1763617_SiRhTa,,5.88589948876129,300,1247.76,12,3,201.272,81.8362,216.2058559975,0.3209671026,9.1795784049,-2.1055,-0.86391,10.1506532916,5.5297400768,2.8393944588,3.1801009864,255.3434173186,0.9033080721,0.9096289586,0.9075268881,9.55E-07,24.7966819654,60.08,38 RhSiTa,F-43m,,,,,,60.08,,
1751646_AlPtTa,,6.05386679927058,300,1612.04,12,3,177.792,81.9192,213.0379136024,0.3002929326,10.6322360868,-2.74219,-0.55718,12.0525430154,4.8799449097,2.6070748864,2.9121527302,227.3410614605,1.1803559505,0.587866621,0.8335495382,7.78E-07,22.477442265,66.55,2 PtAlTa,F-43m,,,,,,66.55,,
1764974_ScSiLi,,5.90804227402284,300,320.204,12,3,67.3645,39.7644,99.6799373277,0.2533816344,9.3084710189,-1.07333,-0.66828,2.575712763,6.8365206296,3.9291490328,4.3638323368,349.0768580583,1.5158384457,1.5661986802,1.5495937968,3.45E-06,20.2139389507,71.14,35 SiLiSc,F-43m,,,,,,71.14,,
